,0
0,concept_1
1,concept_2
2,theme
3,goal
4,time
5,topic
6,medium
7,cognizer
8,phenomenon
9,ground
10,instrument
11,agent
12,conqueror
13,theme
14,agent
15,entity
16,agent
17,source
18,purpose
19,agent
20,goal
21,entity
22,name
23,buyer
24,goods
25,purpose
26,individuals
27,agent
28,agent
29,created_entity
30,speaker
31,addressee
32,occasion
33,agent
34,created_entity
35,theme
36,location
37,guardian
38,object
39,partner_2
40,partner_1
41,speaker
42,addressee
43,time
44,patient
45,time
46,purpose
47,agent
48,undesirable_situation
49,land
50,purpose
51,goal
52,time
53,capitulator
54,time
55,force
56,agent
57,source
58,theme
59,time
60,selector
61,role
62,leader
63,duration
64,agent
65,patient
66,time
67,figure
68,ground
69,entity
70,speaker
71,name
72,content
73,experiencer
74,child
75,time
76,time
77,agent
78,undesirable_situation
79,goal
80,self_mover
81,theme
82,purpose
83,event
84,time
85,duration
86,side_1
87,side_2
88,protagonist
89,place
90,agent
91,depictive
92,entity
93,final_quality
94,time
95,entity
96,final_category
97,concept_2
98,concept_1
99,place
100,event
101,effect
102,actor
103,theme
104,conqueror
105,theme
106,source
107,constant_location
108,goal
109,theme
110,goal
111,killer
112,victim
113,agent
114,created_entity
115,theme
116,agent
117,theme
118,means
119,governed
120,duration
121,entity
122,state
123,duration
124,total
125,part
126,entity
127,state
128,time
129,name
130,entity
131,cause
132,effect
133,child
134,place
135,rule
136,agent
137,connector
138,item
139,goal
140,entity
141,final_category
142,agent
143,entity
144,time
145,theme
146,goal
147,cognizer
148,situation
149,time
150,source
151,ground
152,time
153,theme
154,goal
155,creator
156,created_entity
157,parts
158,place
159,time
160,entity
161,time
162,place
163,entity
164,time
165,cognizer
166,phenomenon
167,agent
168,activity
169,cognizer
170,entity
171,entity
172,time
173,place
174,theme
175,goal
176,means
177,agent
178,place
179,source
180,time
181,patient
182,cause
183,victim
184,place
185,event
186,agent
187,activity
188,time
189,item
190,attribute
191,author
192,text
193,place
194,resident
195,location
196,profiled_item
197,place
198,time
199,destroyer
200,patient
201,time
202,conqueror
203,theme
204,sides
205,time
206,entity
207,final_quality
208,entity
209,final_quality
210,entity
211,name
212,time
213,agent
214,perceiver_passive
215,phenomenon
216,cognizer
217,time
218,earnings
219,earner
220,donor
221,theme
222,recipient
223,governed
224,leader
225,landmark_occasion
226,interval
227,indicated
228,indicator
229,cause
230,effect
231,theme
232,depictive
233,group
234,new_member
235,standard_attribute
236,profiled_item
237,agent
238,source
239,theme
240,conqueror
241,created_entity
242,agent
243,recipient
244,theme
245,place
246,purpose
247,conqueror
248,theme
249,agent
250,theme
251,source
252,entity
253,state
254,dependent_entity
255,controlling_entity
256,message
257,speaker
258,text
259,author
260,goal
261,particular_iteration
262,item
263,agent
264,owner
265,duration
266,governed
267,leader
268,theme
269,goal
270,event
271,place
272,wearer
273,clothing
274,agent
275,goal
276,entity
277,state
278,cognizer
279,item
280,entity
281,time
282,final_category
283,process
284,time
285,agent
286,activity
287,speaker
288,topic
289,message
290,time
291,message
292,message
293,speaker
294,time
295,event
296,duration
297,helper
298,benefited_party
299,experiencer
300,focal_participant
301,theme
302,goal
303,purpose
304,goods
305,buyer
306,buyer
307,goods
308,earner
309,earnings
310,owner
311,possession
312,author
313,text
314,form
315,theme
316,goal
317,activity
318,agent
319,owner
320,possession
321,state
322,duration
323,cause
324,theme
325,goal
326,experiencer
327,event
328,owner
329,possession
330,owner
331,possession
332,performer
333,role
334,agent
335,issue
336,helper
337,benefited_party
338,agent
339,attribute
340,helper
341,goal
342,helper
343,benefited_party
344,goal
345,perceiver
346,sought_entity
347,theme
348,location
349,agent
350,recipient
351,theme
352,entity
353,final_category
354,activity
355,time
356,resident
357,location
358,theme
359,goal
360,final_quality
361,entity
362,cognizer
363,requirement
364,donor
365,recipient
366,theme
367,recipient
368,theme
369,donor
370,theme
371,means
372,recipient
373,speaker
374,addressee
375,helper
376,benefited_party
377,goal
378,perceiver
379,sought_entity
380,perceiver
381,sought_entity
382,agent
383,means
384,helper
385,benefited_party
386,goal
387,supporter
388,supported
389,helper
390,benefited_party
391,speaker
392,medium
393,helper
394,benefited_party
395,entity
396,final_situation
397,supported
398,supporter
399,cognizer
400,requirement
401,dependent
402,cause
403,affected
404,effect
405,student
406,subject
407,agent
408,part_1
409,owner
410,possession
411,owner
412,possession
413,earner
414,earnings
415,place
416,time
417,earner
418,earnings
419,driver
420,vehicle
421,goal
422,circumstances
423,benefited_party
424,helper
425,item
426,medium
427,duration
428,experiencer
429,activity
430,time
431,entity
432,agent
433,manner
434,duration
435,theme
436,source
437,entity
438,name
439,theme
440,source
441,recipient
442,place
443,theme
444,protagonist
445,salient_entity
446,time
447,entity
448,final_category
449,total
450,part
451,created_entity
452,creator
453,exchanger_1
454,themes
455,exchanger_2
456,location
457,time
458,agent
459,goal
460,possession
461,owner
462,theme
463,agent
464,beneficiary
465,tourist
466,attraction
467,manner
468,fluid
469,source
470,goal
471,theme
472,goal
473,cognizer
474,phenomenon
475,place
476,frequency
477,phenomenon
478,inference
479,agent
480,entity
481,perceiver_passive
482,phenomenon
483,creator
484,created_entity
485,means
486,phenomenon
487,perceiver_passive
488,agent
489,situation
490,creator
491,created_entity
492,possession
493,duration
494,operator
495,duration
496,topical_entity
497,entity
498,agent
499,theme
500,source
501,agent
502,activity
503,theme
504,goal
505,location
506,theme
507,time
508,resident
509,location
510,individuals
511,place
512,agent
513,time
514,time
515,agent
516,entity
517,time
518,fluid
519,goal
520,place
521,figure
522,figures
523,resident
524,location
525,agent
526,purpose
527,location
528,resident
529,cotheme
530,theme
531,theme
532,source
533,entity
534,name
535,cause
536,affected
537,theme
538,goal
539,theme
540,goal
541,agent
542,created_entity
543,theme
544,goal
545,agent
546,theme
547,purpose
548,self_mover
549,entity
550,duration
551,agent
552,theme
553,entity
554,name
555,speaker
556,agent
557,item
558,supporter
559,supported
560,victim
561,killer
562,agent
563,item
564,earnings
565,earner
566,containing_event
567,entity
568,state
569,time
570,topical_entity
571,seller
572,goods
573,buyer
574,entity
575,final_category
576,created_entity
577,purpose
578,period_of_iterations
579,event
580,duration
581,owner
582,possession
583,theme
584,goal
585,supported
586,supporter
587,goal
588,agent
589,role
590,performer
591,event
592,potential_hindrance
593,cause
594,effect
595,time
596,theme
597,recipient
598,agent
599,patient
600,time
601,cognizer
602,system
603,operator
604,goal
605,theme
606,entity
607,place
608,experiencer
609,event
610,agent
611,project
612,evaluee
613,purpose
614,self_mover
615,source
616,buyer
617,goods
618,goods
619,buyer
620,source
621,recipient
622,theme
623,agent
624,entity
625,means
626,buyer
627,goods
628,patient
629,destroyer
630,final_category
631,entity
632,cause
633,effect
634,entity
635,phenomenon
636,entity
637,final_category
638,initial_category
639,support
640,proposition
641,feature
642,entity
643,duration
644,created_entity
645,agent
646,theme
647,source
648,goal
649,effect
650,cause
651,experiencer
652,event
653,experiencer
654,event
655,phenomenon
656,inference
657,phenomenon
658,inference
659,proposition
660,support
661,helper
662,goal
663,topical_entity
664,entity
665,reason
666,communicator
667,information
668,speaker
669,containing_event
670,topical_entity
671,entity
672,speaker
673,time
674,information
675,speaker
676,containing_event
677,manipulator
678,victim
679,speaker
680,addressee
681,employee
682,field
683,circumstances
684,cognizer
685,information_source
686,cognizer
687,opinion
688,effect
689,actor
690,perpetrator
691,goods
692,goal
693,agent
694,act
695,helper
696,benefited_party
697,agent
698,item
699,agent
700,entity
701,means
702,agent
703,initial_category
704,final_category
705,helper
706,benefited_party
707,goal
708,perceiver
709,sought_entity
710,new_member
711,group
712,recipient
713,theme
714,agent
715,issue
716,frequency
717,agent
718,act
719,agent
720,activity
721,source
722,theme
723,carrier
724,theme
725,period_of_iterations
726,theme
727,goal
728,agent
729,act
730,theme
731,goal
732,cause
733,cognizer
734,time
735,container
736,contents
737,theme
738,source
739,path
740,self_mover
741,perceiver
742,sought_entity
743,agent
744,activity
745,agent
746,body_part
747,sought_entity
748,cognizer_agent
749,time
750,agent
751,entity_2
752,entity_1
753,self_mover
754,direction
755,duration
756,path
757,agent
758,act
759,ground
760,manner
761,perceiver
762,sought_entity
763,possession
764,owner
765,part
766,total
767,location
768,theme
769,name
770,entity
771,name
772,entity
773,time
774,individuals
775,message
776,communicator
777,self_mover
778,area
779,perceiver_agentive
780,phenomenon
781,agent
782,event
783,agent
784,event
785,event
786,time
787,whole
788,parts
789,degree
790,direction
791,road
792,owner
793,possession
794,entity
795,name
796,perceiver
797,location
798,sought_entity
799,created_entity
800,creator
801,goal
802,theme
803,theme
804,goal
805,ingestor
806,ingestibles
807,self_mover
808,distance
809,goal
810,speaker
811,message
812,theme
813,path
814,goal
815,entity
816,place
817,perceiver
818,sought_entity
819,location
820,theme
821,goal
822,phenomenon
823,perceiver
824,theme
825,goal
826,entity
827,name
828,agent
829,theme
830,created_entity
831,time
832,agent
833,created_entity
834,agent
835,agent
836,goal
837,entity
838,place
839,activity
840,location
841,time
842,theme
843,vehicle
844,path
845,entity
846,place
847,theme
848,goal
849,experiencer
850,purpose_of_event
851,total
852,part
853,entity
854,name
855,self_mover
856,path
857,time
858,agent
859,purpose
860,cognizer
861,content
862,cause
863,entity
864,theme
865,source
866,frequency
867,goal
868,activity
869,time_length
870,agent
871,created_entity
872,entity
873,time
874,event
875,manner
876,experiencer
877,content
878,agent
879,created_entity
880,cause
881,created_entity
882,created_entity
883,creator
884,creator
885,created_entity
886,location
887,theme
888,evaluee
889,purpose
890,sender
891,theme
892,goal
893,agent
894,activity
895,group
896,new_member
897,phenomenon
898,characterization
899,medication
900,affliction
901,degree
902,system
903,operator
904,time_length
905,activity
906,cognizer
907,requirement
908,dependent
909,perceiver
910,location
911,theme
912,goal
913,theme
914,source
915,goal
916,frequency
917,location
918,entity
919,final_category
920,means
921,goal
922,name
923,entity
924,agent
925,goal
926,topical_entity
927,entity
928,name
929,entity
930,agent
931,whole
932,parts
933,agent
934,theme
935,goal
936,cognizer
937,chosen
938,entity
939,topical_entity
940,experiencer
941,event
942,agent
943,duration
944,evaluator
945,entity
946,buyer
947,goods
948,goal
949,agent
950,experiencer
951,time
952,goal
953,item
954,location
955,theme
956,self_mover
957,goal
958,agent
959,activity
960,item
961,goal
962,path
963,duration
964,self_mover
965,theme
966,frequency
967,activity
968,time_length
969,theme
970,source
971,time_length
972,activity
973,source_of_information
974,information
975,cognizer
976,requirement
977,dependent
978,money_owner
979,source_currency
980,target_currency
981,place
982,theme
983,vehicle
984,material
985,represented
986,theme
987,location
988,activity
989,time_length
990,required_entity
991,dependent
992,condition
993,theme
994,goal
995,recipient
996,theme
997,agent
998,patient
999,agent
1000,aggregate
1001,containing_event
1002,entity
1003,final_category
1004,stimulus
1005,circumstances
1006,cognizer
1007,topic
1008,affected
1009,effect
1010,excreter
1011,excreta
1012,means
1013,entity
1014,circumstances
1015,ground
1016,phenomenon
1017,stimulus
1018,circumstances
1019,cognizer
1020,circumstances
1021,speaker
1022,addressee
1023,inference
1024,perceiver_passive
1025,agent
1026,situation
1027,cognizer
1028,content
1029,entity
1030,final_quality
1031,cognizer
1032,content
1033,entity
1034,final_quality
1035,helper
1036,benefited_party
1037,cause
1038,entity
1039,entity
1040,final_quality
1041,cognizer
1042,requirement
1043,agent
1044,theme
1045,source
1046,agent
1047,event
1048,sleeper
1049,cause
1050,entity
1051,agent
1052,entity
1053,agent
1054,explanation
1055,theme
1056,location
1057,time
1058,cause
1059,governed
1060,leader
1061,salient_entity
1062,agent
1063,agent
1064,time
1065,cognizer
1066,new_idea
1067,perceiver
1068,ground
1069,cognizer
1070,requirement
1071,experiencer
1072,topic
1073,dependent
1074,requirement
1075,agent
1076,time
1077,purpose
1078,theme
1079,individual_1
1080,individual_2
1081,requirement
1082,dependent
1083,cognizer
1084,content
1085,creator
1086,created_entity
1087,final_situation
1088,entity
1089,theme
1090,purpose
1091,sought_entity
1092,perceiver
1093,theme
1094,goal
1095,purpose
1096,goal
1097,theme
1098,sought_entity
1099,perceiver
1100,act
1101,agent
1102,dependent
1103,requirement
1104,helper
1105,benefited_party
1106,cognizer
1107,requirement
1108,donor
1109,period_of_iterations
1110,helper
1111,benefited_party
1112,goal
1113,act
1114,agent
1115,resource_controller
1116,resource
1117,speaker
1118,addressee
1119,agent
1120,activity
1121,dependent_entity
1122,influencing_situation
1123,helper
1124,benefited_party
1125,emission
1126,source
1127,earner
1128,earnings
1129,cognizer
1130,content
1131,speaker
1132,addressee
1133,helper
1134,benefited_party
1135,goal
1136,perceiver
1137,sought_entity
1138,agent
1139,activity
1140,time_length
1141,agent
1142,agent
1143,entity
1144,helper
1145,goal
1146,speaker
1147,addressee
1148,medium
1149,addressee
1150,topical_entity
1151,entity
1152,cognizer
1153,completeness
1154,group
1155,new_member
1156,goal
1157,time
1158,interlocutor_1
1159,interlocutor_2
1160,place
1161,speaker
1162,addressee
1163,source
1164,theme
1165,cognizer
1166,phenomenon_1
1167,phenomenon_2
1168,undesirable_event
1169,patient
1170,theme
1171,goal
1172,entity
1173,final_quality
1174,act
1175,agent
1176,event
1177,agent
1178,cognizer
1179,evaluee
1180,theme
1181,goal
1182,student
1183,subject
1184,teacher
1185,leader
1186,activity
1187,speaker
1188,message
1189,perpetrator
1190,victim
1191,result
1192,agent
1193,theme
1194,student
1195,teacher
1196,cause
1197,actor
1198,perceiver
1199,ground
1200,category
1201,item
1202,time
1203,event
1204,side_2
1205,side_1
1206,owner
1207,possession
1208,activity
1209,agent
1210,ground
1211,inspector
1212,message
1213,speaker
1214,assailant
1215,victim
1216,assailant
1217,victim
1218,time
1219,clothing
1220,wearer
1221,time
1222,agent
1223,theme
1224,victim
1225,killer
1226,activity
1227,agent
1228,agent
1229,theme
1230,interlocutor_1
1231,interlocutor_2
1232,victim
1233,time
1234,item
1235,category
1236,goal
1237,agent
1238,theme
1239,goal
1240,killer
1241,victim
1242,speaker
1243,message
1244,place
1245,side
1246,cognizer
1247,killer
1248,victim
1249,agent
1250,entity
1251,agent
1252,body_part
1253,entity
1254,final_quality
1255,goal
1256,item
1257,place
1258,victim
1259,cause
1260,agent
1261,source
1262,helper
1263,benefited_party
1264,entity
1265,label
1266,owner
1267,possession
1268,experiencer
1269,focal_participant
1270,agent
1271,act
1272,created_entity
1273,place
1274,theme
1275,location
1276,item
1277,contrast_set
1278,goal
1279,time
1280,place
1281,sender
1282,theme
1283,goal
1284,agent
1285,state_of_affairs
1286,entity
1287,final_quality
1288,perceiver_passive
1289,phenomenon
1290,time
1291,chosen
1292,inherent_purpose
1293,cognizer
1294,stimulus
1295,experiencer
1296,cause
1297,period_of_iterations
1298,victim
1299,cause
1300,victim
1301,topic
1302,interlocutors
1303,speaker
1304,degree
1305,topical_entity
1306,entity
1307,goal
1308,agent
1309,cognizer
1310,content
1311,agent
1312,act
1313,explanation
1314,cognizer
1315,content
1316,speaker
1317,addressee
1318,owner
1319,possession
1320,speaker
1321,message
1322,communicator
1323,evaluee
1324,norm
1325,protagonist
1326,experiencer
1327,event
1328,topic
1329,speaker
1330,text
1331,topic
1332,cognizer_agent
1333,sought_entity
1334,speaker
1335,addressee
1336,protagonist
1337,means
1338,intermediary
1339,victim
1340,assailant
1341,agent
1342,event
1343,creator
1344,created_entity
1345,speaker
1346,addressee
1347,medium
1348,experiencer
1349,content
1350,author
1351,text
1352,addressee
1353,topical_entity
1354,entity
1355,experiencer
1356,time
1357,theme
1358,source
1359,speaker
1360,addressee
1361,message
1362,distributor
1363,goods
1364,inspector
1365,unconfirmed_content
1366,hearer
1367,speaker
1368,topic
1369,focal_participant
1370,event
1371,experiencer
1372,time_of_event
1373,experiencer
1374,focal_participant
1375,agent
1376,activity
1377,donor
1378,recipient
1379,theme
1380,cognizer
1381,requirement
1382,time
1383,speaker
1384,eventuality
1385,time
1386,cognizer
1387,content
1388,agent
1389,manner
1390,owner
1391,possession
1392,agent
1393,activity
1394,cognizer
1395,opinion
1396,protagonist
1397,expected_event
1398,unconfirmed_content
1399,inspector
1400,experiencer
1401,focal_participant
1402,experiencer
1403,focal_participant
1404,agent
1405,activity
1406,speaker
1407,eventuality
1408,time
1409,owner
1410,possession
1411,owner
1412,possession
1413,experiencer
1414,event
1415,recipient
1416,theme
1417,time
1418,theme
1419,goal
1420,eventuality
1421,time_of_eventuality
1422,speaker
1423,cognizer
1424,content
1425,claimant
1426,property
1427,agent
1428,activity
1429,assailant
1430,victim
1431,time
1432,leader
1433,governed
1434,communicator
1435,content
1436,medium
1437,place
1438,speaker
1439,time
1440,victim
1441,manipulator
1442,agent
1443,victim
1444,goal
1445,theme
1446,agent
1447,cognizer
1448,action
1449,cognizer
1450,side
1451,agent
1452,act
1453,event
1454,participants
1455,victim
1456,resulting_action
1457,manipulator
1458,speaker
1459,addressee
1460,time
1461,authorities
1462,process
1463,agent
1464,proposal
1465,speaker
1466,party_1
1467,time
1468,purpose
1469,addressee
1470,speaker
1471,theme
1472,source
1473,victim
1474,cause
1475,experiencer
1476,focal_participant
1477,possession
1478,owner
1479,theme
1480,time
1481,goal
1482,theme
1483,leader
1484,governed
1485,time
1486,means
1487,theme
1488,goal
1489,hearer
1490,period_of_iterations
1491,experiencer
1492,event
1493,party_1
1494,party_2
1495,party_1
1496,party_2
1497,owner
1498,possession
1499,addressee
1500,arguer
1501,protagonist
1502,explanation
1503,theme
1504,sender
1505,communicator
1506,medium
1507,time
1508,theme
1509,speaker
1510,time
1511,protagonist
1512,time
1513,theme
1514,mode_of_transportation
1515,source
1516,experiencer
1517,event
1518,perceiver_agentive
1519,phenomenon
1520,theme
1521,agent
1522,experiencer
1523,event
1524,speaker
1525,message
1526,perceiver_passive
1527,phenomenon
1528,time
1529,agent
1530,activity
1531,perceiver_passive
1532,state
1533,time
1534,cognizer
1535,content
1536,speaker
1537,message
1538,owner
1539,possession
1540,owner
1541,possession
1542,payer
1543,goods
1544,event
1545,duration
1546,event
1547,cause
1548,owner
1549,possession
1550,owner
1551,possession
1552,owner
1553,possession
1554,owner
1555,possession
1556,benefited_party
1557,helper
1558,cognizer
1559,content
1560,potential_hindrance
1561,event
1562,owner
1563,possession
1564,manner
1565,cognizer
1566,cognizer
1567,opinion
1568,recipient
1569,theme
1570,time
1571,recipient
1572,theme
1573,possession
1574,owner
1575,owner
1576,possession
1577,owner
1578,possession
1579,cognizer
1580,information
1581,cognizer
1582,content
1583,theme
1584,goal
1585,agent
1586,cognizer
1587,content
1588,employee
1589,employer
1590,perceiver_passive
1591,phenomenon
1592,experiencer
1593,content
1594,protagonist
1595,salient_entity
1596,owner
1597,possession
1598,event
1599,experiencer
1600,agent
1601,act
1602,cognizer
1603,content
1604,recipient
1605,theme
1606,experiencer
1607,event
1608,cognizer
1609,opinion
1610,cognizer
1611,content
1612,agent
1613,goal
1614,agent
1615,act
1616,perpetrator
1617,goods
1618,goods
1619,instrument
1620,speaker
1621,message
1622,recipient
1623,theme
1624,recipient
1625,theme
1626,textual_location
1627,form
1628,meaning
1629,entity
1630,explanation
1631,attribute
1632,time
1633,speaker
1634,addressee
1635,speaker
1636,label
1637,agent
1638,instrument
1639,created_entity
1640,creator
1641,event
1642,circumstances
1643,instrument
1644,victim
1645,experiencer
1646,event
1647,experiencer
1648,event
1649,donor
1650,recipient
1651,obligator
1652,responsible_party
1653,interlocutor_1
1654,interlocutor_2
1655,topic
1656,requirement
1657,dependent
1658,member
1659,leader
1660,owner
1661,possession
1662,duration
1663,entity
1664,circumstances
1665,entity
1666,agent
1667,final_category
1668,purpose
1669,employer
1670,employee
1671,explanation
1672,concept_1
1673,concept_2
1674,assessor
1675,phenomenon
1676,theme
1677,recipient
1678,speaker
1679,manner
1680,final_category
1681,entity
1682,issue
1683,cognizer
1684,norm
1685,protagonist
1686,agent
1687,event
1688,patient
1689,time
1690,time
1691,speaker
1692,theme
1693,goal
1694,time
1695,area
1696,frequency
1697,goal
1698,theme
1699,time
1700,side_1
1701,side_2
1702,act
1703,agent
1704,possession
1705,owner
1706,owner
1707,possession
1708,impactor
1709,impactee
1710,created_entity
1711,result
1712,principle
1713,state_of_affairs
1714,official
1715,role
1716,theme
1717,goal
1718,protection
1719,asset
1720,danger
1721,theme
1722,goal
1723,helper
1724,goal
1725,text
1726,proposition
1727,goal
1728,theme
1729,helper
1730,goal
1731,benefited_party
1732,owner
1733,possession
1734,owner
1735,possession
1736,theme
1737,goal
1738,cognizer
1739,side
1740,issue
1741,agent
1742,act
1743,figure
1744,ground
1745,governed
1746,leader
1747,agent
1748,instrument
1749,purpose
1750,entity
1751,components
1752,emotional_state
1753,experiencer
1754,text
1755,topic
1756,entity
1757,state
1758,destroyer
1759,time
1760,donor
1761,time
1762,producer
1763,product
1764,new_member
1765,group
1766,time
1767,creator
1768,created_entity
1769,time
1770,agent
1771,time
1772,goal
1773,agent
1774,purpose
1775,protagonist
1776,depictive
1777,event
1778,duration
1779,effect
1780,cause
1781,action
1782,time
1783,goods
1784,buyer
1785,theme
1786,recipient
1787,entity
1788,duration
1789,recipient
1790,source
1791,time
1792,agent
1793,projectile
1794,goal
1795,agent
1796,projectile
1797,goal
1798,agent
1799,projectile
1800,recipient
1801,place
1802,time
1803,agent
1804,time
1805,agent
1806,textual_location
1807,referent
1808,agent
1809,activity
1810,entity
1811,prior_state
1812,agent
1813,projectile
1814,goal
1815,agent
1816,goal
1817,agent
1818,act
1819,speaker
1820,message
1821,time
1822,time
1823,process
1824,explanation
1825,experiencer
1826,helper
1827,benefited_party
1828,agent
1829,item
1830,place
1831,activity
1832,agent
1833,deliverer
1834,theme
1835,recipient
1836,entity
1837,name
1838,producer
1839,product
1840,medium
1841,message
1842,standard_item
1843,attribute
1844,assailant
1845,victim
1846,time
1847,owner
1848,possession
1849,owner
1850,possession
1851,content
1852,time
1853,theme
1854,source
1855,phenomenon
1856,cognizer
1857,sought_entity
1858,cognizer_agent
1859,location
1860,place
1861,agent
1862,act
1863,communicator
1864,evaluee
1865,agent
1866,theme
1867,agent
1868,project
1869,patient
1870,time
1871,purpose
1872,instrument
1873,speaker
1874,message
1875,total
1876,part
1877,cognizer
1878,decision
1879,agent
1880,project
1881,communicator
1882,evaluee
1883,seller
1884,buyer
1885,seller
1886,buyer
1887,sender
1888,recipient
1889,agent
1890,place
1891,seller
1892,buyer
1893,activity
1894,agent
1895,seller
1896,buyer
1897,goods
1898,buyer
1899,seller
1900,buyer
1901,seller
1902,buyer
1903,agent
1904,project
1905,theme
1906,goal
1907,item
1908,agent
1909,agent
1910,act
1911,time
1912,topic
1913,text
1914,agent
1915,project
1916,exporter
1917,goods
1918,importing_area
1919,seller
1920,buyer
1921,time
1922,speaker
1923,agent
1924,activity
1925,time
1926,theme
1927,location
1928,theme
1929,location
1930,time
1931,speaker
1932,time
1933,medium
1934,buyer
1935,seller
1936,instrument
1937,role
1938,speaker
1939,message
1940,time
1941,medium
1942,agent
1943,place
1944,buyer
1945,seller
1946,agent
1947,instrument
1948,purpose
1949,time
1950,partner_1
1951,partner_2
1952,goods
1953,seller
1954,recipient
1955,theme
1956,time
1957,information
1958,information
1959,speaker
1960,speaker
1961,addressee
1962,signatory
1963,agreement
1964,agent
1965,time
1966,signatory
1967,time
1968,proposal
1969,time
1970,ratifier
1971,created_entity
1972,place
1973,creator
1974,agent
1975,theme
1976,signatory
1977,time
1978,theme
1979,location
1980,recipient
1981,theme
1982,time
1983,source
1984,recipient
1985,time
1986,protagonist
1987,instrument
1988,message
1989,speaker
1990,time
1991,speaker
1992,message
1993,speaker
1994,message
1995,participants
1996,time
1997,theme
1998,goal
1999,participants
2000,event
2001,role
2002,performance
2003,employee
2004,position
2005,speaker
2006,addressee
2007,cause
2008,effect
2009,resident
2010,location
2011,addressee
2012,time
2013,agent
2014,theme
2015,source
2016,wearer
2017,clothing
2018,recipient
2019,place
2020,state
2021,cause
2022,final_category
2023,entity
2024,agent
2025,problem
2026,goal
2027,purpose
2028,frequency
2029,theme
2030,goal
2031,instrument
2032,agent
2033,purpose
2034,carrier
2035,theme
2036,goal
2037,instrument
2038,agent
2039,cause
2040,affected
2041,agent
2042,process
2043,new_member
2044,group
2045,recipient
2046,mass_theme
2047,owner
2048,possession
2049,evaluee
2050,communicator
2051,participant_1
2052,participant_2
2053,recipient
2054,theme
2055,source
2056,created_entity
2057,creator
2058,created_entity
2059,creator
2060,agent
2061,project
2062,created_entity
2063,creator
2064,created_entity
2065,creator
2066,buyer
2067,goods
2068,instrument
2069,purpose
2070,agent
2071,speaker
2072,message
2073,instrument
2074,purpose
2075,employee
2076,employer
2077,specified_entity
2078,speaker
2079,concept_1
2080,point_of_view
2081,owner
2082,possession
2083,creator
2084,time
2085,concept_1
2086,concept_2
2087,text
2088,topic
2089,researcher
2090,topic
2091,event
2092,place
2093,cause
2094,valued_entity
2095,part
2096,total
2097,owner
2098,possession
2099,material
2100,agent
2101,cause
2102,created_entity
2103,influencing_situation
2104,dependent_entity
2105,time
2106,agent
2107,activity
2108,agent
2109,location
2110,place
2111,entity
2112,event
2113,buyer
2114,goods
2115,role
2116,agent
2117,concept_1
2118,concept_2
2119,entity
2120,place
2121,theme
2122,recipient
2123,agent
2124,project
2125,sought_entity
2126,source
2127,agent
2128,buyer
2129,goods
2130,product
2131,producer
2132,agent
2133,time
2134,cause
2135,process
2136,helper
2137,benefited_party
2138,agent
2139,created_entity
2140,place
2141,requirement
2142,dependent
2143,system
2144,operator
2145,cognizer
2146,action
2147,speaker
2148,time
2149,time
2150,theme
2151,agent
2152,created_entity
2153,agent
2154,goal
2155,product
2156,producer
2157,agent
2158,created_entity
2159,recipient
2160,mass_theme
2161,speaker
2162,message
2163,owner
2164,possession
2165,phenomenon
2166,perceiver_passive
2167,product
2168,purpose
2169,product
2170,producer
2171,agent
2172,activity
2173,signatory
2174,agreement
2175,recipient
2176,theme
2177,producer
2178,product
2179,ratifier
2180,time
2181,agent
2182,activity
2183,producer
2184,product
2185,frequency
2186,recipient
2187,theme
2188,producer
2189,product
2190,recipient
2191,theme
2192,agent
2193,created_entity
2194,theme
2195,goal
2196,protagonist
2197,weapon
2198,total
2199,part
2200,recipient
2201,theme
2202,agent
2203,problem
2204,producer
2205,product
2206,resource
2207,time
2208,time
2209,agent
2210,time
2211,tester
2212,product
2213,signatory
2214,time
2215,agent
2216,project
2217,signatory
2218,agreement
2219,entity
2220,final_quality
2221,ratifier
2222,proposal
2223,time
2224,interlocutors
2225,agent
2226,theme
2227,agent
2228,activity
2229,product
2230,producer
2231,teacher
2232,student
2233,time
2234,speaker
2235,created_entity
2236,place
2237,agent
2238,supplier
2239,recipient
2240,theme
2241,cotheme
2242,path
2243,theme
2244,source
2245,recipient
2246,producer
2247,product
2248,importer
2249,exporting_area
2250,speaker
2251,addressee
2252,signatory
2253,agreement
2254,speaker
2255,time
2256,signatory
2257,agreement
2258,signatory
2259,time
2260,agent
2261,project
2262,phenomenon
2263,inference
2264,experiencer
2265,emotion
2266,cognizer
2267,item
2268,helper
2269,benefited_party
2270,signatory
2271,time
2272,supplier
2273,recipient
2274,communicator
2275,addressee
2276,addressee
2277,speaker
2278,protagonist
2279,norm
2280,unconfirmed_content
2281,inspector
2282,cause
2283,effect
2284,speaker
2285,time
2286,message
2287,manner
2288,agent
2289,norm
2290,protagonist
2291,cognizer
2292,action
2293,entity
2294,final_quality
2295,time
2296,employee
2297,place_of_employment
2298,owner
2299,possession
2300,operator
2301,system
2302,goal
2303,agent
2304,creator
2305,place
2306,creator
2307,created_entity
2308,place
2309,time
2310,agent
2311,item
2312,capitulator
2313,time
2314,recipient
2315,theme
2316,donor
2317,speaker
2318,addressee
2319,message
2320,speaker
2321,affected
2322,cause
2323,speaker
2324,time
2325,agent
2326,theme
2327,time
2328,speaker
2329,message
2330,dependent
2331,requirement
2332,time
2333,speaker
2334,producer
2335,time
2336,time
2337,interceptor
2338,product
2339,factory
2340,creator
2341,created_entity
2342,time
2343,goal
2344,time
2345,addressee
2346,addressee
2347,time
2348,time
2349,goal
2350,name
2351,entity
2352,theme
2353,goal
2354,agent
2355,deliverer
2356,theme
2357,recipient
2358,goods
2359,seller
2360,parties
2361,obligation
2362,agent
2363,activity
2364,theme
2365,cotheme
2366,agreement
2367,signatory
2368,helper
2369,benefited_party
2370,project
2371,agent
2372,activity
2373,agent
2374,agent
2375,created_entity
2376,recipient
2377,theme
2378,part
2379,total
2380,agent
2381,theme
2382,agent
2383,created_entity
2384,recipient
2385,theme
2386,requirement
2387,cognizer
2388,instrument
2389,agent
2390,supplier
2391,recipient
2392,imposed_purpose
2393,degree
2394,material
2395,created_entity
2396,imposed_purpose
2397,cause
2398,donor
2399,recipient
2400,agent
2401,time
2402,time
2403,agent
2404,total
2405,part
2406,agent
2407,event
2408,agent
2409,location
2410,recipient
2411,theme
2412,agent
2413,time
2414,time
2415,agent
2416,agent
2417,activity
2418,new_member
2419,group
2420,member
2421,group
2422,agent
2423,purpose
2424,duration
2425,agent
2426,participants
2427,event
2428,member
2429,group
2430,duration
2431,agent
2432,participants
2433,event
2434,place
2435,entity
2436,partner_1
2437,partner_2
2438,speaker
2439,category
2440,destroyer
2441,patient
2442,agent
2443,purpose
2444,producer
2445,product
2446,experiencer
2447,topic
2448,act
2449,agent
2450,concept_1
2451,concept_2
2452,speaker
2453,item
2454,theme
2455,goal
2456,agent
2457,act
2458,speaker
2459,entity
2460,term
2461,cognizer
2462,side
2463,speaker
2464,label
2465,side
2466,cognizer
2467,item
2468,category
2469,recipient
2470,donor
2471,project
2472,agent
2473,product
2474,producer
2475,agent
2476,goal
2477,theme
2478,recipient
2479,time
2480,recipient
2481,theme
2482,topic
2483,speaker
2484,agent
2485,instrument
2486,act
2487,agent
2488,theme
2489,cotheme
2490,situation
2491,cognizer
2492,entity
2493,feature
2494,patient
2495,destroyer
2496,cognizer
2497,item
2498,element
2499,believer
2500,agent
2501,time
2502,agent
2503,theme
2504,source
2505,item
2506,cognizer
2507,category
2508,act
2509,agent
2510,vehicle
2511,time
2512,cause
2513,effect
2514,perceiver
2515,ground
2516,time
2517,agent
2518,project
2519,recipient
2520,theme
2521,agent
2522,theme
2523,created_entity
2524,creator
2525,speaker
2526,message
2527,creator
2528,created_entity
2529,support
2530,domain_of_relevance
2531,support
2532,domain_of_relevance
2533,agent
2534,act
2535,frequency
2536,state_of_affairs
2537,action
2538,time
2539,medium
2540,employee
2541,duration
2542,entity
2543,name
2544,message
2545,speaker
2546,cause
2547,entity
2548,valued_entity
2549,cause
2550,cognizer_agent
2551,sought_entity
2552,item
2553,speaker
2554,submittor
2555,imposed_purpose
2556,signatory
2557,place
2558,time
2559,value
2560,agent
2561,time
2562,circumstances
2563,carrier
2564,goal
2565,cognizer
2566,ground
2567,instrument
2568,agent
2569,medium
2570,time
2571,speaker
2572,addressee
2573,time
2574,speaker
2575,addressee
2576,source
2577,emission
2578,factory
2579,product
2580,speaker
2581,time
2582,instrument
2583,purpose
2584,agent
2585,land
2586,invader
2587,cause
2588,effect
2589,agent
2590,goal
2591,agent
2592,project
2593,event
2594,place
2595,time
2596,place
2597,owner
2598,possession
2599,time
2600,message
2601,producer
2602,product
2603,agent
2604,act
2605,time
2606,speaker
2607,cognizer
2608,content
2609,time
2610,speaker
2611,product
2612,producer
2613,time
2614,speaker
2615,participant
2616,organization
2617,speaker
2618,message
2619,activity
2620,agent
2621,agent
2622,state
2623,created_entity
2624,creator
2625,ground
2626,cognizer
2627,recipient
2628,theme
2629,time
2630,cognizer
2631,time
2632,cognizer
2633,time
2634,goal
2635,time
2636,addressee
2637,seller
2638,goods
2639,time
2640,interceptor
2641,goal
2642,theme
2643,participant_1
2644,event
2645,duration
2646,entity
2647,time
2648,speaker
2649,message
2650,experiencer
2651,content
2652,signatory
2653,time
2654,theme
2655,sender
2656,process
2657,result
2658,cause
2659,affected
2660,speaker
2661,addressee
2662,time
2663,agent
2664,agent
2665,instrument
2666,source
2667,recipient
2668,time
2669,signatory
2670,time
2671,agent
2672,signatory
2673,agreement
2674,agreement
2675,signatory
2676,donor
2677,recipient
2678,theme
2679,source
2680,agent
2681,time
2682,speaker
2683,agent
2684,theme
2685,source
2686,time
2687,speaker
2688,producer
2689,product
2690,principle
2691,responsible_party
2692,topic
2693,parties
2694,signatory
2695,time
2696,proposal
2697,time
2698,event
2699,time
2700,time
2701,process
2702,speaker
2703,message
2704,speaker
2705,addressee
2706,activity
2707,agent
2708,activity
2709,agent
2710,inspector
2711,unconfirmed_content
2712,time
2713,agent
2714,item
2715,category
2716,cognizer
2717,addressee
2718,speaker
2719,goal
2720,purpose
2721,speaker
2722,place
2723,event
2724,agent
2725,cognizer
2726,ground
2727,state
2728,entity
2729,agent
2730,duration
2731,speaker
2732,message
2733,addressee
2734,principle
2735,responsible_party
2736,time
2737,speaker
2738,possession
2739,owner
2740,producer
2741,product
2742,agent
2743,activity
2744,ground
2745,cognizer
2746,producer
2747,product
2748,time
2749,speaker
2750,product
2751,producer
2752,owner
2753,depictive
2754,agent
2755,time
2756,ratifier
2757,proposal
2758,protagonist
2759,norm
2760,operator
2761,duration
2762,act
2763,norm
2764,defender
2765,victim
2766,assailant
2767,event
2768,place
2769,total
2770,part
2771,benefited_party
2772,goal
2773,helper
2774,recipient
2775,theme
2776,time
2777,ratifier
2778,proposal
2779,location
2780,theme
2781,time
2782,agent
2783,entity
2784,name
2785,name
2786,entity
2787,theme
2788,recipient
2789,agent
2790,material
2791,time
2792,addressee
2793,final_value
2794,time
2795,phenomenon
2796,inference
2797,cognizer
2798,item
2799,impactor
2800,impactee
2801,projectile
2802,goal
2803,intended_goal
2804,self_mover
2805,exporter
2806,goods
2807,importing_area
2808,vehicle
2809,theme
2810,goal
2811,carrier
2812,new_member
2813,group
2814,addressee
2815,speaker
2816,group
2817,new_member
2818,event
2819,experiencer
2820,purpose_of_event
2821,speaker
2822,time
2823,agent
2824,theme
2825,cognizer
2826,instrument
2827,agent
2828,event
2829,agent
2830,component
2831,cognizer
2832,ground
2833,event
2834,place
2835,speaker
2836,time
2837,potential_hindrance
2838,event
2839,communicator
2840,topic
2841,signatory
2842,role
2843,benefited_party
2844,goal
2845,agent
2846,project
2847,concept_1
2848,concept_2
2849,ratifier
2850,time
2851,owner
2852,possession
2853,agent
2854,old
2855,theme
2856,recipient
2857,donor
2858,recipient
2859,norm
2860,protagonist
2861,time
2862,speaker
2863,helper
2864,benefited_party
2865,creator
2866,time
2867,time
2868,agent
2869,instrument
2870,agent
2871,entity
2872,place
2873,material
2874,name
2875,fire
2876,place
2877,event
2878,time
2879,event
2880,time
2881,place
2882,firefighter
2883,fire
2884,participants
2885,event
2886,initial_value
2887,initial_correlate
2888,helper
2889,focal_entity
2890,attribute
2891,final_value
2892,speaker
2893,time
2894,agent
2895,time
2896,agent
2897,goal
2898,fire
2899,place
2900,victim
2901,containing_event
2902,time
2903,fire
2904,fuel
2905,place
2906,fire
2907,time
2908,firefighter
2909,fire
2910,fuel
2911,fire
2912,dangerous_entity
2913,asset
2914,duration
2915,entity
2916,state
2917,mass_theme
2918,source
2919,agent
2920,state
2921,addressee
2922,message
2923,phenomenon
2924,cognizer
2925,place
2926,manner
2927,theme
2928,area
2929,theme
2930,agent
2931,cause
2932,valued_entity
2933,dependent_entity
2934,influencing_entity
2935,direction
2936,self_mover
2937,fire
2938,place
2939,event
2940,place
2941,speaker
2942,message
2943,flame
2944,kindler
2945,time
2946,authorities
2947,suspect
2948,kindler
2949,flame
2950,theme
2951,goal
2952,purpose
2953,cognizer
2954,content
2955,asset
2956,protection
2957,event
2958,time
2959,agent
2960,patient
2961,responsible_party
2962,place
2963,time
2964,fire
2965,place
2966,helper
2967,benefited_party
2968,goal
2969,entity
2970,place
2971,fire
2972,place
2973,item
2974,path
2975,effect
2976,cause
2977,cognizer
2978,content
2979,resident
2980,location
2981,resident
2982,location
2983,kindler
2984,flame
2985,place
2986,goal
2987,protagonist
2988,destroyer
2989,patient
2990,total
2991,part
2992,perceiver_passive
2993,state
2994,theme
2995,area
2996,flammables
2997,kindler
2998,fire
2999,place
3000,cognizer
3001,question
3002,speaker
3003,entity
3004,label
3005,fire
3006,place
3007,fire
3008,place
3009,side_1
3010,side_2
3011,place
3012,speaker
3013,time
3014,addressee
3015,message
3016,fire
3017,time
3018,theme
3019,goal
3020,cause
3021,affected
3022,event
3023,depictive
3024,theme
3025,source
3026,self_mover
3027,direction
3028,theme
3029,road
3030,speaker
3031,addressee
3032,time
3033,message
3034,helper
3035,goal
3036,cause
3037,effect
3038,cause
3039,victim
3040,fire
3041,place
3042,time
3043,event
3044,time
3045,place
3046,event
3047,time
3048,event
3049,place
3050,predictive_phenomenon
3051,interested_party
3052,place
3053,recipient
3054,theme
3055,entity
3056,attribute
3057,time
3058,effect
3059,cause
3060,chosen
3061,inherent_purpose
3062,theme
3063,distance
3064,helper
3065,benefited_party
3066,agent
3067,project
3068,project
3069,agent
3070,ingestibles
3071,ingestor
3072,container
3073,contents
3074,agent
3075,victim
3076,instrument
3077,possession
3078,owner
3079,agent
3080,sought_entity
3081,employee
3082,field
3083,speaker
3084,time
3085,donor
3086,theme
3087,theme
3088,recipient
3089,time
3090,medium
3091,agent
3092,place
3093,agent
3094,place
3095,speaker
3096,message
3097,agent
3098,project
3099,protagonist
3100,norm
3101,process
3102,agent
3103,buyer
3104,goods
3105,seller
3106,inspector
3107,time
3108,protagonist
3109,norm
3110,resident
3111,location
3112,agent
3113,place
3114,destroyer
3115,patient
3116,agent
3117,time
3118,agent
3119,instrument
3120,purpose
3121,agent
3122,goal
3123,participant_1
3124,participant_2
3125,agent
3126,goal
3127,created_entity
3128,agent
3129,time
3130,agent
3131,speaker
3132,message
3133,state_of_affairs
3134,principle
3135,project
3136,agent
3137,state_of_affairs
3138,principle
3139,researcher
3140,topic
3141,agent
3142,projectile
3143,theme
3144,source
3145,product
3146,means
3147,producer
3148,product
3149,recipient
3150,theme
3151,source
3152,owner
3153,possession
3154,agent
3155,outcome
3156,duration
3157,victim
3158,assailant
3159,purpose
3160,agent
3161,speaker
3162,time
3163,product
3164,factory
3165,producer
3166,assailant
3167,depictive
3168,purpose
3169,speaker
3170,addressee
3171,assailant
3172,victim
3173,agent
3174,instrument
3175,event
3176,potential_hindrance
3177,speaker
3178,message
3179,recipient
3180,theme
3181,producer
3182,product
3183,factory
3184,signatory
3185,agreement
3186,entity
3187,state
3188,signatory
3189,agreement
3190,goal
3191,mode_of_transportation
3192,theme
3193,goal
3194,theme
3195,theme
3196,goal
3197,time
3198,theme
3199,goal
3200,time
3201,goal
3202,theme
3203,time
3204,theme
3205,goal
3206,time
3207,theme
3208,source
3209,time
3210,goal
3211,theme
3212,time
3213,theme
3214,source
3215,theme
3216,goal
3217,theme
3218,source
3219,theme
3220,source
3221,theme
3222,source
3223,goal
3224,agent
3225,agent
3226,activity
3227,agent
3228,activity
3229,time
3230,seller
3231,goods
3232,buyer
3233,seller
3234,goods
3235,buyer
3236,invader
3237,land
3238,cognizer
3239,content
3240,cognizer
3241,content
3242,event
3243,time
3244,theme
3245,source
3246,time
3247,seller
3248,goods
3249,buyer
3250,buyer
3251,goods
3252,victim
3253,assailant
3254,leader
3255,governed
3256,cognizer
3257,content
3258,speaker
3259,addressee
3260,time
3261,speaker
3262,addressee
3263,time
3264,cause
3265,time
3266,speaker
3267,addressee
3268,speaker
3269,addressee
3270,agent
3271,instrument
3272,operator
3273,system
3274,speaker
3275,time
3276,perpetrator
3277,victim
3278,victim
3279,perpetrator
3280,sought_entity
3281,cognizer_agent
3282,agent
3283,goal
3284,theme
3285,recipient
3286,bodypart_of_agent
3287,agent
3288,entity
3289,theme
3290,depictive
3291,place
3292,child
3293,clothing
3294,body_part
3295,wearer
3296,clothing
3297,body_part
3298,wearer
3299,child
3300,time
3301,place
3302,place
3303,time
3304,protagonist
3305,child
3306,place
3307,cognizer
3308,opinion
3309,state_of_affairs
3310,action
3311,theme
3312,goal
3313,theme
3314,goal
3315,evaluee
3316,medium
3317,donor
3318,recipient
3319,theme
3320,theme
3321,donor
3322,recipient
3323,theme
3324,donor
3325,undesirable_situation
3326,agent
3327,undesirable_situation
3328,agent
3329,undesirable_situation
3330,agent
3331,agent
3332,activity
3333,impactor
3334,impactee
3335,container
3336,contents
3337,possession
3338,owner
3339,patient
3340,agent
3341,time
3342,protagonist
3343,explanation
3344,cause
3345,effect
3346,killer
3347,victim
3348,instrument
3349,agent
3350,instrument
3351,purpose
3352,victim
3353,killer
3354,actor
3355,affected
3356,recipient
3357,theme
3358,theme
3359,location
3360,theme
3361,location
3362,theme
3363,location
3364,communicator
3365,evaluee
3366,cognizer
3367,action
3368,theme
3369,time
3370,depictive
3371,agent
3372,location
3373,theme
3374,depictive
3375,theme
3376,goal
3377,time
3378,goal
3379,time
3380,theme
3381,theme
3382,goal
3383,time
3384,vehicle
3385,source
3386,goal
3387,time
3388,theme
3389,goal
3390,traveller
3391,vehicle
3392,required_situation
3393,purpose
3394,purpose
3395,agent
3396,theme
3397,vehicle
3398,time
3399,protagonist
3400,salient_entity
3401,event
3402,time
3403,event
3404,time
3405,protagonist
3406,containing_event
3407,seller
3408,goods
3409,buyer
3410,owner
3411,possession
3412,owner
3413,possession
3414,owner
3415,possession
3416,owner
3417,possession
3418,source
3419,theme
3420,buyer
3421,seller
3422,agent
3423,activity
3424,producer
3425,product
3426,producer
3427,product
3428,agent
3429,activity
3430,owner
3431,possession
3432,possession
3433,owner
3434,recipient
3435,theme
3436,owner
3437,possession
3438,owner
3439,possession
3440,goal
3441,theme
3442,agent
3443,attribute
3444,owner
3445,possession
3446,self_mover
3447,goal
3448,self_mover
3449,area
3450,entity
3451,final_category
3452,owner
3453,possession
3454,owner
3455,possession
3456,producer
3457,product
3458,recipient
3459,mass_theme
3460,owner
3461,possession
3462,recipient
3463,theme
3464,recipient
3465,mass_theme
3466,agent
3467,goal
3468,agent
3469,created_entity
3470,agent
3471,goal
3472,entity
3473,final_category
3474,agent
3475,goal
3476,producer
3477,product
3478,theme
3479,goal
3480,benefited_party
3481,goal
3482,helper
3483,speaker
3484,time
3485,agent
3486,undesirable_situation
3487,undesirable_situation
3488,agent
3489,owner
3490,possession
3491,self_mover
3492,path
3493,perceiver_passive
3494,phenomenon
3495,direction
3496,perceiver_passive
3497,phenomenon
3498,obscuring_medium
3499,container_portal
3500,time
3501,owner
3502,possession
3503,depictive
3504,cognizer
3505,content
3506,agent
3507,depictive
3508,cognizer
3509,content
3510,perceiver_agentive
3511,phenomenon
3512,direction
3513,perceiver_passive
3514,phenomenon
3515,place
3516,experiencer
3517,stimulus
3518,cognizer
3519,entity
3520,speaker
3521,addressee
3522,agent
3523,body_part
3524,self_mover
3525,path
3526,cognizer
3527,content
3528,agent
3529,theme
3530,goal
3531,agent
3532,theme
3533,goal
3534,communicator
3535,addressee
3536,flammables
3537,kindler
3538,speaker
3539,message
3540,self_mover
3541,direction
3542,perceiver
3543,figure
3544,theme
3545,cotheme
3546,path
3547,speaker
3548,message
3549,self_mover
3550,path
3551,depictive
3552,speaker
3553,addressee
3554,message
3555,agent
3556,entity
3557,perceiver_agentive
3558,phenomenon
3559,entity
3560,agent
3561,speaker
3562,message
3563,theme
3564,agent
3565,contents
3566,container
3567,agent
3568,source
3569,agent
3570,source
3571,agent
3572,source
3573,speaker
3574,message
3575,agent
3576,entity
3577,communicator
3578,addressee
3579,entity
3580,place
3581,experiencer
3582,event
3583,speaker
3584,message
3585,theme
3586,cotheme
3587,killer
3588,victim
3589,speaker
3590,time
3591,agent
3592,problem
3593,circumstances
3594,speaker
3595,message
3596,event
3597,experiencer
3598,perceiver_passive
3599,ground
3600,phenomenon
3601,cognizer
3602,proposition
3603,speaker
3604,message
3605,path
3606,goal
3607,time
3608,focal_occasion
3609,landmark_occasion
3610,cognizer
3611,evidence
3612,agent
3613,entity
3614,time
3615,theme
3616,agent
3617,self_mover
3618,depictive
3619,cognizer
3620,phenomenon
3621,figure
3622,time
3623,speaker
3624,topic
3625,content
3626,experiencer
3627,cognizer
3628,state
3629,reader
3630,text
3631,speaker
3632,message
3633,reader
3634,text
3635,self_mover
3636,source
3637,support
3638,proposition
3639,opinion
3640,cognizer
3641,perceiver_passive
3642,phenomenon
3643,theme
3644,cotheme
3645,agent
3646,entity
3647,self_mover
3648,source
3649,self_mover
3650,goal
3651,theme
3652,source
3653,self_mover
3654,path
3655,perceiver_passive
3656,phenomenon
3657,perceiver_passive
3658,phenomenon
3659,cognizer
3660,ground
3661,manner
3662,experiencer
3663,event
3664,focal_participant
3665,speaker
3666,addressee
3667,message
3668,theme
3669,depictive
3670,parties
3671,obligation
3672,cognizer
3673,content
3674,owner
3675,possession
3676,owner
3677,possession
3678,speaker
3679,topic
3680,grinder
3681,patient
3682,killer
3683,victim
3684,owner
3685,possession
3686,agent
3687,body_part
3688,phenomenon
3689,inference
3690,cognizer
3691,phenomenon
3692,agent
3693,theme
3694,participants
3695,event
3696,creator
3697,created_entity
3698,instrument
3699,targeted
3700,agent
3701,undesirable_situation
3702,self_mover
3703,goal
3704,activity
3705,agent
3706,experiencer
3707,content
3708,arguer
3709,addressee
3710,theme
3711,location
3712,undesirable_event
3713,patient
3714,resident
3715,location
3716,theme
3717,goal
3718,time
3719,speaker
3720,entity
3721,owner
3722,possession
3723,employer
3724,time
3725,employee
3726,position
3727,place
3728,cognizer
3729,phenomenon
3730,resident
3731,location
3732,agent
3733,victim
3734,instrument
3735,process
3736,state
3737,assessor
3738,phenomenon
3739,evidence
3740,phenomenon
3741,characterization
3742,support
3743,proposition
3744,author
3745,text
3746,hearer
3747,message
3748,agent
3749,goal
3750,phenomenon
3751,body_part
3752,perceiver_agentive
3753,phenomenon
3754,event
3755,potential_hindrance
3756,agent
3757,act
3758,cognizer
3759,content
3760,speaker
3761,information
3762,agent
3763,theme
3764,self_mover
3765,goal
3766,speaker
3767,content
3768,theme
3769,cotheme
3770,goal
3771,agent
3772,goal
3773,agent
3774,theme
3775,goal
3776,theme
3777,cotheme
3778,cognizer
3779,salient_entity
3780,agent
3781,goal
3782,theme
3783,theme
3784,goal
3785,speaker
3786,addressee
3787,speaker
3788,manner
3789,experiencer
3790,focal_participant
3791,theme
3792,agent
3793,locus
3794,self_mover
3795,area
3796,place
3797,cognizer
3798,opinion
3799,speaker
3800,entity
3801,name
3802,affected
3803,cause
3804,agent
3805,theme
3806,owner
3807,possession
3808,agent
3809,theme
3810,means
3811,recipient
3812,theme
3813,perceiver_agentive
3814,phenomenon
3815,agent
3816,theme
3817,focal_occasion
3818,landmark_occasion
3819,time
3820,assailant
3821,victim
3822,agent
3823,undesirable_situation
3824,theme
3825,source
3826,speaker
3827,entity
3828,name
3829,cognizer_agent
3830,sought_entity
3831,purpose
3832,time
3833,cognizer
3834,phenomenon
3835,time
3836,protection
3837,asset
3838,new_member
3839,group
3840,perpetrator
3841,goods
3842,cognizer
3843,content
3844,speaker
3845,message
3846,speaker
3847,message
3848,message
3849,hearer
3850,speaker
3851,addressee
3852,message
3853,partner_1
3854,partner_2
3855,individual_1
3856,individual_2
3857,resident
3858,location
3859,speaker
3860,proposed_action
3861,cognizer
3862,phenomenon
3863,agent
3864,intended_perceiver
3865,agent
3866,act
3867,theme
3868,area
3869,purpose
3870,agent
3871,time
3872,sleeper
3873,time
3874,perceiver
3875,sought_entity
3876,sender
3877,theme
3878,recipient
3879,agent
3880,tools
3881,cause
3882,means
3883,self_mover
3884,goal
3885,self_mover
3886,goal
3887,agent
3888,activity
3889,agent
3890,theme
3891,goal
3892,agent
3893,theme
3894,goal
3895,donor
3896,recipient
3897,theme
3898,agent
3899,result
3900,body_part
3901,agent
3902,goal
3903,agent
3904,body_part
3905,cause
3906,affected
3907,containing_object
3908,agent
3909,means
3910,author
3911,text
3912,cognizer
3913,content
3914,killer
3915,victim
3916,means
3917,agent
3918,victim
3919,time
3920,theme
3921,goal
3922,killer
3923,victim
3924,explanation
3925,potential_hindrance
3926,event
3927,experiencer
3928,stimulus
3929,result
3930,agent
3931,goal
3932,cognizer
3933,content
3934,ingestor
3935,substance
3936,agent
3937,theme
3938,cotheme
3939,goal
3940,theme
3941,agent
3942,goal
3943,agent
3944,body_part
3945,speaker
3946,depictive
3947,speaker
3948,message
3949,cognizer
3950,evaluee
3951,content
3952,experiencer
3953,perceiver_passive
3954,phenomenon
3955,theme
3956,goal
3957,path
3958,phenomenon
3959,ground
3960,agent
3961,entity
3962,place
3963,speaker
3964,containing_event
3965,support
3966,cognizer
3967,addressee
3968,speaker
3969,resident
3970,location
3971,cognizer
3972,phenomenon
3973,state
3974,self_mover
3975,goal
3976,reader
3977,topic
3978,focal_occasion
3979,landmark_occasion
3980,speaker
3981,message
3982,containing_object
3983,agent
3984,undesirable_situation
3985,agent
3986,agent
3987,event
3988,theme
3989,cotheme
3990,theme
3991,cotheme
3992,time
3993,perceiver_agentive
3994,phenomenon
3995,degree
3996,concept_1
3997,agent
3998,theme
3999,theme
4000,goal
4001,depictive
4002,killer
4003,victim
4004,victim
4005,time
4006,place
4007,place
4008,killer
4009,time
4010,place
4011,killer
4012,driver
4013,vehicle
4014,cognizer
4015,content
4016,speaker
4017,item
4018,agent
4019,created_entity
4020,cognizer
4021,phenomenon
4022,speaker
4023,message
4024,speaker
4025,addressee
4026,producer
4027,product
4028,agent
4029,created_entity
4030,recipient
4031,theme
4032,purpose
4033,creator
4034,producer
4035,product
4036,agent
4037,instrument
4038,responsible_party
4039,condition
4040,total
4041,part
4042,time
4043,theme
4044,created_entity
4045,agent
4046,product
4047,producer
4048,agent
4049,goal
4050,content
4051,cognizer
4052,recipient
4053,mass_theme
4054,speaker
4055,message
4056,agent
4057,activity
4058,recipient
4059,theme
4060,product
4061,producer
4062,ratifier
4063,time
4064,agent
4065,activity
4066,producer
4067,product
4068,recipient
4069,theme
4070,producer
4071,product
4072,recipient
4073,theme
4074,agent
4075,created_entity
4076,recipient
4077,mass_theme
4078,recipient
4079,mass_theme
4080,goal
4081,agent
4082,theme
4083,recipient
4084,time
4085,speaker
4086,signatory
4087,agreement
4088,cognizer
4089,ground
4090,buyer
4091,time
4092,seller
4093,goods
4094,buyer
4095,goods
4096,time
4097,agent
4098,addressee
4099,speaker
4100,time
4101,medium
4102,instrument
4103,purpose
4104,agent
4105,speaker
4106,addressee
4107,buyer
4108,seller
4109,theme
4110,recipient
4111,buyer
4112,goods
4113,time
4114,helper
4115,benefited_party
4116,goal
4117,agent
4118,project
4119,speaker
4120,message
4121,agent
4122,sought_entity
4123,source
4124,requirement
4125,dependent
4126,agent
4127,goal
4128,idea
4129,cognizer
4130,donor
4131,recipient
4132,buyer
4133,goods
4134,seller
4135,means
4136,helper
4137,benefited_party
4138,goal
4139,agent
4140,project
4141,student
4142,place
4143,speaker
4144,message
4145,goods
4146,importing_area
4147,exporter
4148,addressee
4149,speaker
4150,goods
4151,buyer
4152,sender
4153,goal
4154,explanation
4155,producer
4156,product
4157,helper
4158,benefited_party
4159,product
4160,producer
4161,buyer
4162,goods
4163,seller
4164,agent
4165,event
4166,goods
4167,buyer
4168,created_entity
4169,place
4170,agent
4171,seller
4172,goods
4173,buyer
4174,recipient
4175,donor
4176,helper
4177,benefited_party
4178,potential_hindrance
4179,event
4180,agent
4181,activity
4182,speaker
4183,message
4184,addressee
4185,recipient
4186,theme
4187,donor
4188,recipient
4189,theme
4190,donor
4191,governed
4192,leader
4193,product
4194,producer
4195,cognizer
4196,action
4197,seller
4198,buyer
4199,theme
4200,recipient
4201,seller
4202,buyer
4203,goods
4204,creator
4205,created_entity
4206,time
4207,content
4208,speaker
4209,total
4210,part
4211,owner
4212,possession
4213,possession
4214,owner
4215,buyer
4216,goods
4217,seller
4218,agent
4219,event
4220,buyer
4221,goods
4222,created_entity
4223,place
4224,agent
4225,seller
4226,goods
4227,buyer
4228,recipient
4229,donor
4230,benefited_party
4231,helper
4232,potential_hindrance
4233,event
4234,agent
4235,activity
4236,seller
4237,goods
4238,buyer
4239,buyer
4240,goods
4241,recipient
4242,theme
4243,donor
4244,employee
4245,task
4246,agent
4247,goal
4248,total
4249,part
4250,signatory
4251,time
4252,creator
4253,created_entity
4254,agent
4255,time
4256,agent
4257,activity
4258,agent
4259,instrument
4260,created_entity
4261,agent
4262,recipient
4263,theme
4264,source
4265,activity
4266,agent
4267,helper
4268,benefited_party
4269,helper
4270,benefited_party
4271,authority
4272,protagonist
4273,buyer
4274,money
4275,goods
4276,recipient
4277,theme
4278,agent
4279,act
4280,speaker
4281,addressee
4282,supplier
4283,recipient
4284,seller
4285,goods
4286,buyer
4287,speaker
4288,addressee
4289,message
4290,speaker
4291,addressee
4292,event
4293,potential_hindrance
4294,speaker
4295,addressee
4296,speaker
4297,addressee
4298,accused
4299,status
4300,judge
4301,subregion
4302,agent
4303,agent
4304,projectile
4305,place
4306,instrument
4307,purpose
4308,party_1
4309,time
4310,purpose
4311,required_situation
4312,circumstances
4313,entity
4314,place
4315,ingestor
4316,delivery_device
4317,phenomenon
4318,characterization
4319,perceiver_agentive
4320,phenomenon
4321,time
4322,protagonist
4323,theme
4324,source
4325,agent
4326,goal
4327,protagonist
4328,location
4329,delivery_device
4330,ingestor
4331,agent
4332,location
4333,theme
4334,fixed_location
4335,theme
4336,path
4337,agent
4338,theme
4339,item
4340,time
4341,agent
4342,standard_item
4343,profiled_item
4344,sender
4345,theme
4346,recipient
4347,time
4348,theme
4349,duration
4350,speaker
4351,addressee
4352,place
4353,time
4354,side_2
4355,duration
4356,place
4357,issue
4358,cognizer
4359,protagonist
4360,disease
4361,agent
4362,place
4363,medical_professional
4364,patient
4365,agent
4366,time
4367,protagonist
4368,disease
4369,speaker
4370,medium
4371,agent
4372,entity
4373,time
4374,escapee
4375,time
4376,theme
4377,direction
4378,cognizer
4379,item
4380,cognizer
4381,salient_entity
4382,protagonist
4383,norm
4384,owner
4385,possession
4386,problem
4387,cause
4388,purpose
4389,theme
4390,dependent_entity
4391,controlling_entity
4392,new_member
4393,group
4394,speaker
4395,message
4396,part_1
4397,part_2
4398,agent
4399,part_1
4400,theme
4401,distance
4402,deliverer
4403,recipient
4404,theme
4405,explanation
4406,cognizer_agent
4407,sought_entity
4408,ground
4409,self_mover
4410,time
4411,agent
4412,items
4413,manner
4414,connector
4415,cause
4416,victim
4417,purpose
4418,agent
4419,protagonist
4420,expected_event
4421,perceiver_passive
4422,phenomenon
4423,perceiver_agentive
4424,phenomenon
4425,agent
4426,cognate_event
4427,speaker
4428,message
4429,time
4430,entity
4431,cause
4432,effect
4433,goal
4434,time
4435,theme
4436,place
4437,survivor
4438,dangerous_situation
4439,perceiver_passive
4440,phenomenon
4441,content
4442,cognizer
4443,theme
4444,goal
4445,cognizer
4446,decision
4447,theme
4448,path
4449,phenomenon
4450,perceiver_passive
4451,perceiver_passive
4452,phenomenon
4453,theme
4454,path
4455,resident
4456,location
4457,theme
4458,path
4459,self_mover
4460,path
4461,time
4462,theme
4463,manner
4464,self_mover
4465,area
4466,self_mover
4467,place
4468,agent
4469,theme
4470,goal
4471,cognizer
4472,content
4473,theme
4474,goal
4475,theme
4476,goal
4477,agent
4478,duration
4479,manner
4480,protagonist
4481,expected_event
4482,agent
4483,location
4484,ingestor
4485,ingestibles
4486,theme
4487,manner
4488,process
4489,duration
4490,self_mover
4491,goal
4492,time
4493,theme
4494,manner
4495,self_mover
4496,goal
4497,purpose
4498,cause
4499,theme
4500,area
4501,agent
4502,goal
4503,theme
4504,source
4505,path
4506,self_mover
4507,protagonist
4508,salient_entity
4509,agent
4510,location
4511,time_length
4512,activity
4513,phenomenon
4514,inference
4515,protagonist
4516,location
4517,speaker
4518,message
4519,place
4520,cause
4521,attribute
4522,time_span
4523,attribute
4524,agent
4525,time
4526,duration
4527,attribute
4528,difference
4529,time
4530,cognizer
4531,time
4532,buyer
4533,goods
4534,cognizer
4535,chosen
4536,agent
4537,theme
4538,goal
4539,agent
4540,event
4541,agent
4542,theme
4543,phenomenon
4544,inference
4545,message
4546,medium
4547,prize
4548,competitor
4549,theme
4550,goal
4551,agent
4552,agent
4553,act
4554,teacher
4555,student
4556,principle
4557,responsible_party
4558,entity
4559,behavior
4560,cognizer
4561,agent
4562,event
4563,supplier
4564,recipient
4565,entity
4566,final_category
4567,cognizer
4568,entity
4569,cognizer
4570,experience
4571,profiled_item
4572,standard_item
4573,attribute
4574,cognizer
4575,content
4576,helper
4577,benefited_party
4578,sender
4579,recipient
4580,theme
4581,cognizer
4582,content
4583,entity
4584,purpose
4585,entity
4586,purpose
4587,cognizer
4588,evaluee
4589,participants
4590,place
4591,experiencer
4592,content
4593,plan
4594,agent
4595,theme
4596,path
4597,cognizer
4598,entity
4599,owner
4600,possession
4601,stimulus
4602,experiencer
4603,theme
4604,place
4605,fluid
4606,source
4607,medium
4608,addressee
4609,phenomenon
4610,stimulus
4611,place
4612,manner
4613,agent
4614,place
4615,entity
4616,place
4617,time
4618,path
4619,agent
4620,goal
4621,process
4622,agent
4623,entity
4624,inherent_purpose
4625,sound_maker
4626,agent
4627,cognizer
4628,time
4629,new_idea
4630,object
4631,measurement
4632,agent
4633,depictive
4634,instrument
4635,agent
4636,perceiver_agentive
4637,phenomenon
4638,speaker
4639,entity
4640,place
4641,angle
4642,agent
4643,instrument
4644,agent
4645,event
4646,speaker
4647,message
4648,entity
4649,final_category
4650,resident
4651,location
4652,cognizer
4653,content
4654,item
4655,goal
4656,self_mover
4657,goal
4658,speaker
4659,content
4660,event
4661,agent
4662,speaker
4663,item
4664,speaker
4665,topic
4666,speaker
4667,proposed_action
4668,theme
4669,goal
4670,student
4671,institution
4672,cook
4673,produced_food
4674,time
4675,author
4676,text
4677,sleeper
4678,place
4679,perceiver_passive
4680,phenomenon
