,Unnamed: 0,Unnamed: 0.1,Lex,Example,ConstrPattern,valid,args,mask_roberta,args_roberta
0,0,24,–∞—Å—Å–æ—Ü–∏–∏—Ä–æ–≤–∞—Ç—å,"['–Ø –≤—Å–µ–≥–¥–∞ –∞—Å—Å–æ—Ü–∏–∏—Ä—É—é —è—Ä–∫–∏–µ –∫—Ä–∞—Å–∫–∏ —Å –Æ–≥–æ–º .', '–° —Ç–µ—Ö –ø–æ—Ä –æ–Ω–∞ –∞—Å—Å–æ—Ü–∏–∏—Ä–æ–≤–∞–ª–∞ —à—É–º –º–æ—Ç–æ—Ä–∞ —Å –Ω–∞–¥–≤–∏–≥–∞—é—â–µ–π—Å—è –±–µ–¥–æ–π.']",Snom V Sacc —Å + Sins,–Ø –≤—Å–µ–≥–¥–∞ –∞—Å—Å–æ—Ü–∏–∏—Ä—É—é <extra_id_0> .,"['.', '—Å.', '—Å –≤–∞–º–∏', '—Å –¥—Ä—É–≥–∏–º–∏ –ª—é–¥—å–º–∏', '—Å', '–µ–≥–æ —Å –¥—Ä—É–≥–∏–º–∏ –ª—é–¥—å–º–∏']",–Ø –≤—Å–µ–≥–¥–∞ –∞—Å—Å–æ—Ü–∏–∏—Ä—É—é <mask> .,"[' –∏—Ö', ' —ç—Ç–æ', ' —Å', ' —Å–µ–±—è', ' —Ç–µ–±—è', '—Å—å', ' –µ–≥–æ', ' —Ç–∞–∫', '—Å—è', ' –µ—ë']"
1,1,24,–∞—Å—Å–æ—Ü–∏–∏—Ä–æ–≤–∞—Ç—å,"['–Ø –≤—Å–µ–≥–¥–∞ –∞—Å—Å–æ—Ü–∏–∏—Ä—É—é —è—Ä–∫–∏–µ –∫—Ä–∞—Å–∫–∏ —Å –Æ–≥–æ–º .', '–° —Ç–µ—Ö –ø–æ—Ä –æ–Ω–∞ –∞—Å—Å–æ—Ü–∏–∏—Ä–æ–≤–∞–ª–∞ —à—É–º –º–æ—Ç–æ—Ä–∞ —Å –Ω–∞–¥–≤–∏–≥–∞—é—â–µ–π—Å—è –±–µ–¥–æ–π.']",Snom V Sacc —Å + Sins,–° —Ç–µ—Ö –ø–æ—Ä –æ–Ω–∞ –∞—Å—Å–æ—Ü–∏–∏—Ä–æ–≤–∞–ª–∞ <extra_id_0> .,"['—Å—å —Å', '—Å—å —Å –Ω–µ–µ', '—Å—å —Å.']",–° —Ç–µ—Ö –ø–æ—Ä –æ–Ω–∞ –∞—Å—Å–æ—Ü–∏–∏—Ä–æ–≤–∞–ª–∞ <mask> .,"[' —Å–µ–±—è', ' —Å', ' –º–µ–Ω—è', ' –µ–≥–æ', ' –Ω–∞—Å', ' –∏—Ö', ' —ç—Ç–æ', ' —Å–æ', ' –µ—ë', ' —Ç–µ–±—è']"
2,2,786,–ø–æ–±–ª–∞–≥–æ–¥–∞—Ä–∏—Ç—å,['–î–∏—Å—Å–µ—Ä—Ç–∞–Ω—Ç –ø–æ–±–ª–∞–≥–æ–¥–∞—Ä–∏–ª —Å–≤–æ–∏—Ö –æ–ø–ø–æ–Ω–µ–Ω—Ç–æ–≤ –∑–∞ –∫–æ–Ω—Å—Ç—Ä—É–∫—Ç–∏–≤–Ω—É—é –∫—Ä–∏—Ç–∏–∫—É.'],Snom V Sacc –∑–∞ + Sacc,–î–∏—Å—Å–µ—Ä—Ç–∞–Ω—Ç –ø–æ–±–ª–∞–≥–æ–¥–∞—Ä–∏–ª <extra_id_0> .,"['.', '–∑–∞ –ø–æ–º–æ—â—å', ':', '–∑–∞', '–µ–≥–æ –∑–∞ —ç—Ç–æ', '–≤–∞—Å', '–∑–∞ —Å–≤–æ–π —Ç—Ä—É–¥']",–î–∏—Å—Å–µ—Ä—Ç–∞–Ω—Ç –ø–æ–±–ª–∞–≥–æ–¥–∞—Ä–∏–ª <mask> .,"[':', ' –∑–∞', '.', ' :', ' –≤', ' –æ—Ç', ' –°–®–ê', ' –∞–≤—Ç–æ—Ä–∞', '.', ' –∫–Ω–∏–≥—É']"
3,3,860,–ø–æ–±–ª–∞–≥–æ–¥–∞—Ä–∏—Ç—å,"['–ë–ª–∞–≥–æ–¥–∞—Ä–∏—Ç—å –ë–æ–≥–∞ –æ —Ç–æ–º, —á—Ç–æ –æ–Ω —Ç–∞–∫–æ–π –ø—Ä–∞–≤–µ–¥–Ω—ã–π']",Snom V Sacc –æ + Sloc,–ë–ª–∞–≥–æ–¥–∞—Ä–∏—Ç—å <extra_id_0>,"['–∑–∞ –ë–ª–∞–≥–æ–¥–∞—Ä–Ω–æ—Å—Ç—åbailAnmeld√¶gt <extra_id_55>cres–≥–∞—Ç—å <extra_id_56>‡¶§‡¶∞‡¶æ, <extra_id_11', '!h√°b <extra_id_55>–µ—à—åszolg—å–±–∞‡¶§‡¶∞‡¶æ‡§∏‡§æ‡§π·Éò·Éß·Éù·Éì·Éê·Éú·Éê·É®·Éê·É£·Éö <extra_id_56> –±–æ–ª—å—à <extra_id_9>Ê†è·Éí·Éõ <ex', '—Å–ø–∞—Å–∏–±–æ <extra_id_55>-–≤–≥—Ä—É–ø–ø–µ–ø–æ—Å—Ç–∏–æ–±—ã—Ç–∏—è–º. <extra_id', '. <extra_id_56> ‰∏ÄÂè™ <extra_id_16> ‡πÄ‡∏•‡πà‡∏ô <extra_id_10>, <extra_id_35>... <extra_id_43> –≤ <extra_id_11', '—Å–ø–∞—Å–∏–±–æ <extra_id_55>-—á <extra_id_51> ‚Äì–æ–Ω...–∏–Ω–∞–Ω—Å–æ–≤–∏–∫, <extra_id_56> –≤ <ex', '–û—Ç–∑—ã–≤—ã—Å—Ç—ã–º–∏–∏—Ö–ü–æ–∫–∞–∑–∞—Ç—å–ù–∞—Å–º–æ—Ç—Ä–µ–≤—ã—Ö–ö–æ–º–º–µ–Ω—Ç–∞—Ä–∏–∏...–ü–æ–¥—Ä–æ–±–Ω–µ', ':eszolg...\uefe8 | <extra_id_28>zionƒ°ƒ°‡≤Ç‡≤∂ÈîòAnmeld <extra_id_30> 0–û—Ç', '–∑–∞  <extra_id_29> <extra_id_9>—É–ª–∞–Ω·Éò·Éì·É†‡≤ø‡≤™‚∏¢02(08(65\\06(ismissÂõ∞„Çä pomar—Ä—É–≥ <', ':eÈîòXzFf—É–ª–∞–Ω’∂’∏„Éê„ÉÉ„Éà <extra_id_29> <extra_id_31> <extra_id_33> <extra_id_27>shine vulner–Ω—É–∫–ª', '–ë–ª–∞–≥–æ–¥–∞—Ä–∏—Ç—å„Çá„ÅÜliveinternetÈîòlandsk... <extra_id_56>·∫π/$_32-10 <extra_id_35>szolgrg']",–ë–ª–∞–≥–æ–¥–∞—Ä–∏—Ç—å <mask>,"['!', ':', '.', ' –ë–æ–≥–∞', '?', ' –†–æ—Å—Å–∏—é', '...', ' –Ω–∞–¥–æ', ' –Ω–µ–ª—å–∑—è', ' –†–æ–¥–∏–Ω—É']"
4,4,6059,–≤–¥–æ—Ö–Ω–æ–≤–ª—è—Ç—å,['–õ—é–±–æ–≤—å –≤–¥–æ—Ö–Ω–æ–≤–∏–ª–∞ –µ–≥–æ –Ω–∞ –ø–æ–¥–≤–∏–≥.'],Snom V Sacc –Ω–∞ + Sacc,–õ—é–±–æ–≤—å –≤–¥–æ—Ö–Ω–æ–≤–∏–ª–∞ <extra_id_0> .,"['.', '–Ω–∞—à–∏—Ö', '–Ω–∞', '–∏ –≤–¥–æ—Ö–Ω–æ–≤–∏–ª–∞', '–º–µ–Ω—è', '–Ω–∞.', '–Ω–∞—à–∏—Ö.']",–õ—é–±–æ–≤—å –≤–¥–æ—Ö–Ω–æ–≤–∏–ª–∞ <mask> .,"[' –º–µ–Ω—è', ' –Ω–∞—Å', ' –µ–≥–æ', ' –∏—Ö', ' —Ç–µ–±—è', ' –µ—ë', '.', ' –µ–µ', ' –≤—Å–µ—Ö', ' –±—ã']"
5,5,6467,–≤–¥–æ—Ö–Ω–æ–≤–ª—è—Ç—å,['–û–Ω –≤–¥–æ—Ö–Ω–æ–≤–∏–ª –∏–∑–º—É—á–µ–Ω–Ω—ã—Ö –ª—é–¥–µ–π —ç—Ç–æ–π —Ä–∞–¥–æ—Å—Ç–Ω–æ–π –≤–µ—Å—Ç—å—é.'],Snom V Sacc Sins,–û–Ω –≤–¥–æ—Ö–Ω–æ–≤–∏–ª <extra_id_0> .,"['–µ–≥–æ –Ω–∞.', '–≤–∞—Å –Ω–∞ –ø—Ä–æ–≥—É–ª–∫—É', '–∏ —Å–∫–∞–∑–∞–ª, —á—Ç–æ', '–≤–∞—Å', '–µ–≥–æ –Ω–∞', '–µ–≥–æ', '–∏ –æ—Å—Ç–∞–≤–∏–ª –æ—Ç–∑—ã–≤']",–û–Ω –≤–¥–æ—Ö–Ω–æ–≤–∏–ª <mask> .,"[' –º–µ–Ω—è', ' –Ω–∞—Å', ' —Ç–µ–±—è', ' –∏—Ö', ' –µ–µ', ' –µ–≥–æ', ' –µ—ë', ' –≤—Å–µ—Ö', ' –≤–∞—Å', ' –±—ã']"
6,6,6842,–≤–∫–ª—é—á–∏—Ç—å,"['–î–∏—Ä–µ–∫—Ç–æ—Ä –≤–∫–ª—é—á–∏–ª –µ—â–µ –æ–¥–Ω–æ–≥–æ —Å–æ—Ç—Ä—É–¥–Ω–∏–∫–∞ –≤ —Å–æ—Å—Ç–∞–≤ –±—Ä–∏–≥–∞–¥—ã .', '–Ø –ø—Ä–æ—à—É –≤–∫–ª—é—á–∏—Ç—å —ç—Ç–æ—Ç –≤–æ–ø—Ä–æ—Å –≤ –ø–æ–≤–µ—Å—Ç–∫—É –¥–Ω—è.', '–ù–µ–æ–±—Ö–æ–¥–∏–º–æ –≤–∫–ª—é—á–∏—Ç—å –≤ –¥–æ–∫–ª–∞–¥ –µ—â–µ –Ω–µ—Å–∫–æ–ª—å–∫–æ –ø—Ä–∏–º–µ—Ä–æ–≤ .', '–û–Ω –ø—Ä–µ–¥–ª–æ–∂–∏–ª –≤–∫–ª—é—á–∏—Ç—å –≤ –¥–æ–≥–æ–≤–æ—Ä –ø—É–Ω–∫—Ç –æ –Ω–∞—É—á–Ω–æ–º —Å–æ—Ç—Ä—É–¥–Ω–∏—á–µ—Å—Ç–≤–µ.']",Snom V Sacc –≤ + Sacc,–î–∏—Ä–µ–∫—Ç–æ—Ä –≤–∫–ª—é—á–∏–ª <extra_id_0> .,"['.', '–∏', '–Ω–æ–≤—ã–π', '—É—Ä–æ–∫', ':', '—Ä–∞–±–æ—Ç—É', '–≤ —Ä–∞–±–æ—Ç—É', '–≤.']",–î–∏—Ä–µ–∫—Ç–æ—Ä –≤–∫–ª—é—á–∏–ª <mask> .,"[' —Å–≤–µ—Ç', ' –º–∏–∫—Ä–æ—Ñ–æ–Ω', ' –¥–≤–∏–≥–∞—Ç–µ–ª—å', ' —Ä–∞–¥–∏–æ', ' —Ç–µ–ª–µ–≤–∏–∑–æ—Ä', ' –∫–∞–º–µ—Ä—É', ' –∑–∞–ø–∏—Å—å', ' –µ–≥–æ', ' –ø–∏—Ç–∞–Ω–∏–µ', ' –∫–æ–º–ø—å—é—Ç–µ—Ä']"
7,7,10772,–≤–Ω–µ–¥—Ä–∏—Ç—å,"['–ü–æ—Å—Ç–∞–≤–ª–µ–Ω–∞ –∑–∞–¥–∞—á–∞ –Ω–µ–º–µ–¥–ª–µ–Ω–Ω–æ –≤–Ω–µ–¥—Ä—è—Ç—å —Ä–µ–∑—É–ª—å—Ç–∞—Ç—ã —Ç–µ–æ—Ä–µ—Ç–∏—á–µ—Å–∫–æ–π –Ω–∞—É–∫–∏ –≤ –ø—Ä–∞–∫—Ç–∏–∫—É .', '–ö–æ–ª—Ö–æ–∑ —É—Å–ø–µ—à–Ω–æ –≤–Ω–µ–¥—Ä—è–µ—Ç –º–µ—Ö–∞–Ω–∏–∑–∞—Ü–∏—é –≤ —Å–µ–ª—å—Å–∫–æ–µ —Ö–æ–∑—è–π—Å—Ç–≤–æ.', '–ú—ã –¥–æ–ª–∂–Ω—ã –≤–Ω–µ–¥—Ä–∏—Ç—å –æ—Å–Ω–æ–≤–Ω—ã–µ –º–æ—Ä–∞–ª—å–Ω—ã–µ –ø—Ä–∏–Ω—Ü–∏–ø—ã –≤ —Å–æ–∑–Ω–∞–Ω–∏–µ –∫–∞–∂–¥–æ–≥–æ —á–µ–ª–æ–≤–µ–∫–∞.']",Snom V Sacc –≤ + Sacc,–ö–æ–ª—Ö–æ–∑ —É—Å–ø–µ—à–Ω–æ –≤–Ω–µ–¥—Ä—è–µ—Ç <extra_id_0> .,"['–∏', '–Ω–æ–≤—ã–π', '–Ω–æ–≤—ã–µ', '–≤', '–≤.', '–µ–≥–æ –≤', '—Å–≤–æ–π']",–ö–æ–ª—Ö–æ–∑ —É—Å–ø–µ—à–Ω–æ –≤–Ω–µ–¥—Ä—è–µ—Ç <mask> .,"[' —Å–æ—Ü–∏–∞–ª–∏–∑–º', '.', ' –ï–†', '!', ' —Ç—Ä–∞–∫—Ç–æ—Ä', ' —Å–∏—Å—Ç–µ–º—É', ' –ö–ü–†–§', ' –Ω–∞—É–∫—É', '.', ' –∑–∞–∫–æ–Ω']"
8,8,11080,–≤–Ω–æ—Å–∏—Ç—å,"['–ù–æ–≤—ã–π –Ω–∞—á–∞–ª—å–Ω–∏–∫ –≤–Ω–µ—Å –≤ —Ä–∞–±–æ—Ç—É —Å—Ç—Ä–∞—Å—Ç—å.', '–†–æ–∂–¥–µ–Ω–∏–µ –Ω–æ–≤–æ–≥–æ —Ä–µ–±–µ–Ω–∫–∞ –≤–Ω–µ—Å–ª–æ –≤ —Å–µ–º—å—é —Ä–∞–∑–¥–æ—Ä—ã.', '–Ø –±—ã —Ö–æ—Ç–µ–ª –≤–Ω–µ—Å—Ç–∏ —è—Å–Ω–æ—Å—Ç—å –≤ —ç—Ç–æ—Ç –≤–æ–ø—Ä–æ—Å.', '–ù–µ–æ–∂–∏–¥–∞–Ω–Ω—ã–º —É–¥–∞—Ä–æ–º —Å —Ñ–ª–∞–Ω–≥–æ–≤ –Ω–∞—à–∏ –≤–æ–π—Å–∫–∞ –≤–Ω–µ—Å–ª–∏ –∑–∞–º–µ—à–∞—Ç–µ–ª—å—Å—Ç–≤–æ –≤ —Ä—è–¥—ã –ø—Ä–æ—Ç–∏–≤–Ω–∏–∫–∞.', '–û–Ω –≤–æ –≤—Å–µ –≤–Ω–æ—Å–∏—Ç –ø—É—Ç–∞–Ω–∏—Ü—É.', '–≠—Ç–æ—Ç —á–µ–ª–æ–≤–µ–∫ –æ–±–ª–∞–¥–∞–ª —É–¥–∏–≤–∏—Ç–µ–ª—å–Ω—ã–º —Å–≤–æ–π—Å—Ç–≤–æ–º –≤–Ω–æ—Å–∏—Ç—å –≤ –ª—é–±–æ–π –∫–æ–ª–ª–µ–∫—Ç–∏–≤ —Ä–∞–∑–ª–∞–¥ –∏ —Å–º—É—Ç—É.']",Snom V Sacc –≤ + Sacc,–ù–æ–≤—ã–π –Ω–∞—á–∞–ª—å–Ω–∏–∫ –≤–Ω–µ—Å <extra_id_0> .,"['.', '–¥–µ–Ω—å–≥–∏', '–≤ –Ω–µ–µ –¥–µ–Ω–µ–∂–Ω—ã–µ —Å—Ä–µ–¥—Å—Ç–≤–∞', '–≤', '–Ω–∞', '–±–æ–Ω—É—Å—ã', '—É–¥–∞—Ä', '–µ—â–µ', '–¥–æ–∫—É–º–µ–Ω—Ç—ã']",–ù–æ–≤—ã–π –Ω–∞—á–∞–ª—å–Ω–∏–∫ –≤–Ω–µ—Å <mask> .,"[' –∏–∑–º–µ–Ω–µ–Ω–∏—è', ' –ø—Ä–µ–¥–ª–æ–∂–µ–Ω–∏–µ', ' –∑–∞–ª–æ–≥', '–µ–Ω–∏—è', ' –ø—Ä–∏—Å—è–≥—É', ' —è—Å–Ω–æ—Å—Ç—å', '–µ–Ω', ' –ø—Ä–µ–¥–ª–æ–∂–µ–Ω–∏—è', '–µ—Ç', '–µ–Ω–∏–µ']"
9,9,11080,–≤–Ω–æ—Å–∏—Ç—å,"['–ù–æ–≤—ã–π –Ω–∞—á–∞–ª—å–Ω–∏–∫ –≤–Ω–µ—Å –≤ —Ä–∞–±–æ—Ç—É —Å—Ç—Ä–∞—Å—Ç—å.', '–†–æ–∂–¥–µ–Ω–∏–µ –Ω–æ–≤–æ–≥–æ —Ä–µ–±–µ–Ω–∫–∞ –≤–Ω–µ—Å–ª–æ –≤ —Å–µ–º—å—é —Ä–∞–∑–¥–æ—Ä—ã.', '–Ø –±—ã —Ö–æ—Ç–µ–ª –≤–Ω–µ—Å—Ç–∏ —è—Å–Ω–æ—Å—Ç—å –≤ —ç—Ç–æ—Ç –≤–æ–ø—Ä–æ—Å.', '–ù–µ–æ–∂–∏–¥–∞–Ω–Ω—ã–º —É–¥–∞—Ä–æ–º —Å —Ñ–ª–∞–Ω–≥–æ–≤ –Ω–∞—à–∏ –≤–æ–π—Å–∫–∞ –≤–Ω–µ—Å–ª–∏ –∑–∞–º–µ—à–∞—Ç–µ–ª—å—Å—Ç–≤–æ –≤ —Ä—è–¥—ã –ø—Ä–æ—Ç–∏–≤–Ω–∏–∫–∞.', '–û–Ω –≤–æ –≤—Å–µ –≤–Ω–æ—Å–∏—Ç –ø—É—Ç–∞–Ω–∏—Ü—É.', '–≠—Ç–æ—Ç —á–µ–ª–æ–≤–µ–∫ –æ–±–ª–∞–¥–∞–ª —É–¥–∏–≤–∏—Ç–µ–ª—å–Ω—ã–º —Å–≤–æ–π—Å—Ç–≤–æ–º –≤–Ω–æ—Å–∏—Ç—å –≤ –ª—é–±–æ–π –∫–æ–ª–ª–µ–∫—Ç–∏–≤ —Ä–∞–∑–ª–∞–¥ –∏ —Å–º—É—Ç—É.']",Snom V Sacc –≤ + Sacc,–†–æ–∂–¥–µ–Ω–∏–µ –Ω–æ–≤–æ–≥–æ —Ä–µ–±–µ–Ω–∫–∞ –≤–Ω–µ—Å–ª–æ <extra_id_0> .,"['.', '–≤', '–¥–µ–Ω—å–≥–∏', '–Ω–æ–≤—ã–µ']",–†–æ–∂–¥–µ–Ω–∏–µ –Ω–æ–≤–æ–≥–æ —Ä–µ–±–µ–Ω–∫–∞ –≤–Ω–µ—Å–ª–æ <mask> .,"[' –∏–∑–º–µ–Ω–µ–Ω–∏—è', ' —è—Å–Ω–æ—Å—Ç—å', ' —Ä–∞–∑–Ω–æ–æ–±—Ä–∞–∑–∏–µ', ' –≤–∫–ª–∞–¥', ' –ø–µ—Ä–µ–º–µ–Ω—ã', ' –∏–∑–º–µ–Ω–µ–Ω–∏–µ', ' –ø–æ–ø—Ä–∞–≤–∫—É', ' –ø–æ–ø—Ä–∞–≤–∫–∏', ' —Ö–∞–æ—Å', ' —Ä–∞—Å–∫–æ–ª']"
10,10,11080,–≤–Ω–æ—Å–∏—Ç—å,"['–ù–æ–≤—ã–π –Ω–∞—á–∞–ª—å–Ω–∏–∫ –≤–Ω–µ—Å –≤ —Ä–∞–±–æ—Ç—É —Å—Ç—Ä–∞—Å—Ç—å.', '–†–æ–∂–¥–µ–Ω–∏–µ –Ω–æ–≤–æ–≥–æ —Ä–µ–±–µ–Ω–∫–∞ –≤–Ω–µ—Å–ª–æ –≤ —Å–µ–º—å—é —Ä–∞–∑–¥–æ—Ä—ã.', '–Ø –±—ã —Ö–æ—Ç–µ–ª –≤–Ω–µ—Å—Ç–∏ —è—Å–Ω–æ—Å—Ç—å –≤ —ç—Ç–æ—Ç –≤–æ–ø—Ä–æ—Å.', '–ù–µ–æ–∂–∏–¥–∞–Ω–Ω—ã–º —É–¥–∞—Ä–æ–º —Å —Ñ–ª–∞–Ω–≥–æ–≤ –Ω–∞—à–∏ –≤–æ–π—Å–∫–∞ –≤–Ω–µ—Å–ª–∏ –∑–∞–º–µ—à–∞—Ç–µ–ª—å—Å—Ç–≤–æ –≤ —Ä—è–¥—ã –ø—Ä–æ—Ç–∏–≤–Ω–∏–∫–∞.', '–û–Ω –≤–æ –≤—Å–µ –≤–Ω–æ—Å–∏—Ç –ø—É—Ç–∞–Ω–∏—Ü—É.', '–≠—Ç–æ—Ç —á–µ–ª–æ–≤–µ–∫ –æ–±–ª–∞–¥–∞–ª —É–¥–∏–≤–∏—Ç–µ–ª—å–Ω—ã–º —Å–≤–æ–π—Å—Ç–≤–æ–º –≤–Ω–æ—Å–∏—Ç—å –≤ –ª—é–±–æ–π –∫–æ–ª–ª–µ–∫—Ç–∏–≤ —Ä–∞–∑–ª–∞–¥ –∏ —Å–º—É—Ç—É.']",Snom V Sacc –≤ + Sacc,<extra_id_0> –Ω–∞—à–∏ –≤–æ–π—Å–∫–∞ –≤–Ω–µ—Å–ª–∏ .,"['–∏', ', –∫–æ–∏', '–Ω–∞', ',', '–≤–æ']",<mask> –Ω–∞—à–∏ –≤–æ–π—Å–∫–∞ –≤–Ω–µ—Å–ª–∏ .,"['–≠—Ç–æ', '–í—Å–µ', '–ò', '–í', '–ù–æ', '–¢–∞–º', '–∏', '–í–æ—Ç', '–ê', '–ó–¥–µ—Å—å']"
11,11,11080,–≤–Ω–æ—Å–∏—Ç—å,"['–ù–æ–≤—ã–π –Ω–∞—á–∞–ª—å–Ω–∏–∫ –≤–Ω–µ—Å –≤ —Ä–∞–±–æ—Ç—É —Å—Ç—Ä–∞—Å—Ç—å.', '–†–æ–∂–¥–µ–Ω–∏–µ –Ω–æ–≤–æ–≥–æ —Ä–µ–±–µ–Ω–∫–∞ –≤–Ω–µ—Å–ª–æ –≤ —Å–µ–º—å—é —Ä–∞–∑–¥–æ—Ä—ã.', '–Ø –±—ã —Ö–æ—Ç–µ–ª –≤–Ω–µ—Å—Ç–∏ —è—Å–Ω–æ—Å—Ç—å –≤ —ç—Ç–æ—Ç –≤–æ–ø—Ä–æ—Å.', '–ù–µ–æ–∂–∏–¥–∞–Ω–Ω—ã–º —É–¥–∞—Ä–æ–º —Å —Ñ–ª–∞–Ω–≥–æ–≤ –Ω–∞—à–∏ –≤–æ–π—Å–∫–∞ –≤–Ω–µ—Å–ª–∏ –∑–∞–º–µ—à–∞—Ç–µ–ª—å—Å—Ç–≤–æ –≤ —Ä—è–¥—ã –ø—Ä–æ—Ç–∏–≤–Ω–∏–∫–∞.', '–û–Ω –≤–æ –≤—Å–µ –≤–Ω–æ—Å–∏—Ç –ø—É—Ç–∞–Ω–∏—Ü—É.', '–≠—Ç–æ—Ç —á–µ–ª–æ–≤–µ–∫ –æ–±–ª–∞–¥–∞–ª —É–¥–∏–≤–∏—Ç–µ–ª—å–Ω—ã–º —Å–≤–æ–π—Å—Ç–≤–æ–º –≤–Ω–æ—Å–∏—Ç—å –≤ –ª—é–±–æ–π –∫–æ–ª–ª–µ–∫—Ç–∏–≤ —Ä–∞–∑–ª–∞–¥ –∏ —Å–º—É—Ç—É.']",Snom V Sacc –≤ + Sacc,–û–Ω <extra_id_0> –≤–Ω–æ—Å–∏—Ç .,"['–∏', '–Ω–µ']",–û–Ω <mask> –≤–Ω–æ—Å–∏—Ç .,"[' –Ω–µ', ' –≤—Å–µ', ' –∏—Ö', ' —ç—Ç–æ', ' –∏', ' –≤—Å—ë', ' –µ–≥–æ', ' –ø—Ä–æ—Å—Ç–æ', ' –≤—Å–µ–≥–¥–∞', ' –∂–µ']"
12,12,11215,–≤–Ω—É—à–∞—Ç—å,"['–í—ã –≤—Å–µ–º –≤–Ω—É—à–∞–µ—Ç–µ —É–≤–∞–∂–µ–Ω–∏–µ.', '–ï–≥–æ –±–æ–ª–µ–∑–Ω–µ–Ω–Ω—ã–π –≤–∏–¥ –≤–Ω—É—à–∞–ª –Ω–∞–º –æ–ø–∞—Å–µ–Ω–∏–µ –ø–æ –ø–æ–≤–æ–¥—É –µ–≥–æ –∑–¥–æ—Ä–æ–≤—å—è.']",Snom V Sacc Sdat,–ï–≥–æ –±–æ–ª–µ–∑–Ω–µ–Ω–Ω—ã–π –≤–∏–¥ –≤–Ω—É—à–∞–ª <extra_id_0> .,"['.', ', —á—Ç–æ', '–∏', '–µ–≥–æ']",–ï–≥–æ –±–æ–ª–µ–∑–Ω–µ–Ω–Ω—ã–π –≤–∏–¥ –≤–Ω—É—à–∞–ª <mask> .,"[' —É–∂–∞—Å', ' —Å—Ç—Ä–∞—Ö', ' –æ—Ç–≤—Ä–∞—â–µ–Ω–∏–µ', ' –∂–∞–ª–æ—Å—Ç—å', ' –Ω–∞–¥–µ–∂–¥—É', ' —É–≤–∞–∂–µ–Ω–∏–µ', ' –¥–æ–≤–µ—Ä–∏–µ', ' —Ç—Ä–µ–≤–æ–≥—É', ' –±–µ—Å–ø–æ–∫–æ–π—Å—Ç–≤–æ', ' –æ–ø–∞—Å–µ–Ω–∏—è']"
13,13,16657,–≤—ã–ø–∏—Å–∞—Ç—å,['–ù–æ–≤–æ–±—Ä–∞—á–Ω—ã–º –≤—ã–ø–∏—Å–∞–ª–∏ —Å–≤–∏–¥–µ—Ç–µ–ª—å—Å—Ç–≤–æ –Ω–∞ –∂–µ–ª—Ç–æ–º –±–ª–∞–Ω–∫–µ'],Snom V Sacc Sdat {–≤ + Sloc / –Ω–∞ + Sloc},<extra_id_0> –≤—ã–ø–∏—Å–∞–ª–∏,"['- –í–∞–º', '–æ–Ω', '- –Ø —Ç–∞–∫', '–Ω–∏—Ü–∏', '–∞ –Ω–µ', '–∞ –ø–æ —Ç–µ–∫—Å—Ç—É', '–æ–Ω–∏', '–∞ —è', '–Ω–∏–∫']",<mask> –≤—ã–ø–∏—Å–∞–ª–∏,"['—É–∂–µ', '–£–∂–µ', '–∏', '–Ω–µ', '–ù–µ', '–µ–≥–æ', '–ï–≥–æ', '–í—á–µ—Ä–∞', '–ú–µ–Ω—è', '–°–µ–≥–æ–¥–Ω—è']"
14,14,17968,–≤—ã—Ä–∞–∑–∏—Ç—å,"['–ï—Å–ª–∏ –≤—ã—Ä–∞–∑–∏—Ç—å –ø–ª–∞–Ω –∑–∞–≤–æ–¥–∞ –≤ —Ü–∏—Ñ—Ä–∞—Ö, –ø–æ–ª—É—á–∏—Ç—Å—è –≤–Ω—É—à–∏—Ç–µ–ª—å–Ω–∞—è –∫–∞—Ä—Ç–∏–Ω–∞.', '–ü–∏—Ç–∞—Ç–µ–ª—å–Ω–æ—Å—Ç—å –ø—Ä–æ–¥—É–∫—Ç–æ–≤ –æ–±—ã—á–Ω–æ –≤—ã—Ä–∞–∂–∞—é—Ç –≤ –∫–∞–ª–æ—Ä–∏—è—Ö.', '–í —Ä—è–¥–µ —Å–ª—É—á–∞–µ–≤ –æ–±—ä–µ–º –ø—Ä–æ–∏–∑–≤–µ–¥–µ–Ω–Ω–æ–π –ø—Ä–æ–¥—É–∫—Ü–∏–∏ —É–¥–æ–±–Ω–µ–µ –≤—ã—Ä–∞–∂–∞—Ç—å –≤ —Ü–µ–Ω—Ç–Ω–µ—Ä–∞—Ö, —á–µ–º –≤ —Ç–æ–Ω–Ω–∞—Ö.', '–ü–ª–∞–Ω –∑–∞–≤–æ–¥–∞ –º–æ–∂–Ω–æ –≤—ã—Ä–∞–∑–∏—Ç—å —Ç—Ä–µ–º—è –≥–ª–∞–≤–Ω—ã–º–∏ —Ü–∏—Ñ—Ä–∞–º–∏.']",Snom V Sacc {Sins / –≤ + Sloc},–ü–∏—Ç–∞—Ç–µ–ª—å–Ω–æ—Å—Ç—å –ø—Ä–æ–¥—É–∫—Ç–æ–≤ –æ–±—ã—á–Ω–æ –≤—ã—Ä–∞–∂–∞—é—Ç <extra_id_0> .,"['.', '–æ—á–µ–Ω—å', '—Ç–æ–ª—å–∫–æ', ':', '–∫–∞–∫', '–∫–∞–∫.', '–Ω–∞', '–≤']",–ü–∏—Ç–∞—Ç–µ–ª—å–Ω–æ—Å—Ç—å –ø—Ä–æ–¥—É–∫—Ç–æ–≤ –æ–±—ã—á–Ω–æ –≤—ã—Ä–∞–∂–∞—é—Ç <mask> .,"[' —Ñ—Ä–∞–∑–æ–π', ' —á–µ—Ä–µ–∑', ' —Å–ª–æ–≤–∞–º–∏', ' —Å–ª–æ–≤–æ–º', ' –∫–∞–∫', ' –≤', ' –Ω–∞', ' —Ç–∞–∫', ':', ' —Å–∏–º–≤–æ–ª–æ–º']"
15,15,17988,–ø–æ–≥–ª–∞–¥–∏—Ç—å,"['–í—Å–∞–¥–Ω–∏–∫ –ª–µ–≥–æ–Ω—å–∫–æ –≥–ª–∞–¥–∏–ª –ª–æ—à–∞–¥—å –ø–æ —à–µ–µ.', '–£—á–∏—Ç–µ–ª—å –ø–æ–≥–ª–∞–¥–∏–ª –º–∞–ª—å—á–∏–∫–∞ –ø–æ –≥–æ–ª–æ–≤–µ –∏ –ø–æ—Å–∞–¥–∏–ª –Ω–∞ –º–µ—Å—Ç–æ.']",Snom V Sacc –ø–æ + Sdat,–£—á–∏—Ç–µ–ª—å –ø–æ–≥–ª–∞–¥–∏–ª <extra_id_0> –∏ –ø–æ—Å–∞–¥–∏–ª –Ω–∞ –º–µ—Å—Ç–æ .,"['–∏—Ö', '–≤–µ—Å—å –ø—Ä–µ–¥–º–µ—Ç', '–ø—Ä–µ–¥–º–µ—Ç', '–¥–µ—Ä–µ–≤–æ', '—Ä—É–∫—É', '–µ–≥–æ']",–£—á–∏—Ç–µ–ª—å –ø–æ–≥–ª–∞–¥–∏–ª <mask> –∏ –ø–æ—Å–∞–¥–∏–ª –Ω–∞ –º–µ—Å—Ç–æ .,"[' –µ–≥–æ', ' –µ—ë', ' –µ–µ', ' –º–µ–Ω—è', ' –∫–æ—Ç–∞', ' —Å–æ–±–∞–∫—É', ' –∏—Ö', ' –∫–æ—à–∫—É', ' —Ç–µ–±—è', '.']"
16,16,18113,–ø–æ–≥–ª–∞–¥–∏—Ç—å,['–û–Ω–∞ –≥–ª–∞–¥–∏–ª–∞ –µ–≥–æ –ø–æ –≥–æ–ª–æ–≤–µ –≥–æ—Ä—è—á–µ–π –ª–∞–¥–æ–Ω—å—é.'],Snom V Sacc –ø–æ + Sdat Sins,–û–Ω–∞ –≥–ª–∞–¥–∏–ª–∞ <extra_id_0> .,"['.', '–∏', ',']",–û–Ω–∞ –≥–ª–∞–¥–∏–ª–∞ <mask> .,"[' –º–µ–Ω—è', ' –µ–≥–æ', ' –∫–æ—Ç–∞', ' —Å–æ–±–∞–∫—É', ' —Ç–µ–±—è', ' –∫–æ—à–∫—É', ' –∏—Ö', ' –µ–µ', ' —Å–µ–±—è', ' –µ—ë']"
17,17,18136,–≥—Ä–æ–∑–∏—Ç—å,"['–û–Ω –≥—Ä–æ–∑–∏–ª –º–Ω–µ —Å—É–¥–æ–º .', '–í—Ä–∞–≥–∏ –≥—Ä–æ–∑—è—Ç –Ω–∞–º –ø—É–ª—è–º–∏ .', '–•–æ–∑—è–∏–Ω –≥—Ä–æ–∑–∏–ª —Å—Ç–∞—Ä—É—à–∫–µ —É–≤–æ–ª–∏—Ç—å –µ–µ —Å—ã–Ω–∞.', '–î–∏—Ä–µ–∫—Ç–æ—Ä –≥—Ä–æ–∑–∏–ª –º–Ω–µ, —á—Ç–æ –ø—Ä–∏ –º–∞–ª–µ–π—à–µ–º –Ω–µ–ø–æ–≤–∏–Ω–æ–≤–µ–Ω–∏–∏ —Å–Ω–∏–º–µ—Ç –º–µ–Ω—è —Å —Ä–∞–±–æ—Ç—ã.', '¬´–í—ã –¥–æ—Ä–æ–≥–æ –∑–∞–ø–ª–∞—Ç–∏—Ç–µ –º–Ω–µ –∑–∞ —ç—Ç–æ –æ—Å–∫–æ—Ä–±–ª–µ–Ω–∏–µ¬ª, ‚Äî –≥—Ä–æ–∑–∏–ª –æ–Ω —Å–≤–æ–µ–º—É –±—ã–≤—à–µ–º—É —Ö–æ–∑—è–∏–Ω—É.']",Snom V Sdat {Sins / Vinf / —á—Ç–æ + CL / ¬´CL¬ª},–û–Ω –≥—Ä–æ–∑–∏–ª <extra_id_0> .,"['–µ–º—É', '–∑–∞–∫—Ä—ã—Ç—å', '–µ–≥–æ']",–û–Ω –≥—Ä–æ–∑–∏–ª <mask> .,"[' –º–Ω–µ', ' –µ–π', ' –Ω–∞–º', ' —Ç–µ–±–µ', ' –æ—Ä—É–∂–∏–µ–º', ' —É–±–∏—Ç—å', ' –µ–º—É', ' –Ω–æ–∂–æ–º', ' –ø–∏—Å—Ç–æ–ª–µ—Ç–æ–º', ' —Å–º–µ—Ä—Ç—å—é']"
18,18,18136,–≥—Ä–æ–∑–∏—Ç—å,"['–û–Ω –≥—Ä–æ–∑–∏–ª –º–Ω–µ —Å—É–¥–æ–º .', '–í—Ä–∞–≥–∏ –≥—Ä–æ–∑—è—Ç –Ω–∞–º –ø—É–ª—è–º–∏ .', '–•–æ–∑—è–∏–Ω –≥—Ä–æ–∑–∏–ª —Å—Ç–∞—Ä—É—à–∫–µ —É–≤–æ–ª–∏—Ç—å –µ–µ —Å—ã–Ω–∞.', '–î–∏—Ä–µ–∫—Ç–æ—Ä –≥—Ä–æ–∑–∏–ª –º–Ω–µ, —á—Ç–æ –ø—Ä–∏ –º–∞–ª–µ–π—à–µ–º –Ω–µ–ø–æ–≤–∏–Ω–æ–≤–µ–Ω–∏–∏ —Å–Ω–∏–º–µ—Ç –º–µ–Ω—è —Å —Ä–∞–±–æ—Ç—ã.', '¬´–í—ã –¥–æ—Ä–æ–≥–æ –∑–∞–ø–ª–∞—Ç–∏—Ç–µ –º–Ω–µ –∑–∞ —ç—Ç–æ –æ—Å–∫–æ—Ä–±–ª–µ–Ω–∏–µ¬ª, ‚Äî –≥—Ä–æ–∑–∏–ª –æ–Ω —Å–≤–æ–µ–º—É –±—ã–≤—à–µ–º—É —Ö–æ–∑—è–∏–Ω—É.']",Snom V Sdat {Sins / Vinf / —á—Ç–æ + CL / ¬´CL¬ª},–í—Ä–∞–≥–∏ –≥—Ä–æ–∑—è—Ç <extra_id_0> .,"['–∏', '.', '—Ç–æ–ª—å–∫–æ', '–≤—Ä–∞–≥—É', '–∑–∞', '–Ω–æ–≤—ã–º–∏', ',', '- –ù–æ–≤–æ—Å—Ç–∏']",–í—Ä–∞–≥–∏ –≥—Ä–æ–∑—è—Ç <mask> .,"[' –≤–æ–π–Ω–æ–π', ' –Ω–∞–º', ' —Å–º–µ—Ä—Ç—å—é', ' –æ—Ä—É–∂–∏–µ–º', ' –†–æ—Å—Å–∏–∏', ' –º–Ω–µ', '!', '.', ' –º–∏—Ä—É', ' —Ç–µ–±–µ']"
19,19,18422,–¥–µ–ª–∞—Ç—å,"['–¥–µ–ª–∞—Ç—å —Å—Ç–∞–≤–∫—É –Ω–∞ –∫–æ–≥–æ-–ª., —á—Ç–æ-–ª.']",Snom V —Å—Ç–∞–≤–∫—É –Ω–∞ + Sacc,–¥–µ–ª–∞—Ç—å <extra_id_0> .,"['.', ',', '–Ω–µ']",–¥–µ–ª–∞—Ç—å <mask> .,"[' –Ω–µ—á–µ–≥–æ', ' –≤—ã–≤–æ–¥—ã', ' –Ω–æ–≥–∏', ' —Å—Ç–∞–≤–∫–∏', ' —Ä–∞–±–æ—Ç—É', ' —ç—Ç–æ', ' –¥–µ–ª–æ', ' —Ñ–æ—Ç–æ', ' —Å—Ç–∞–≤–∫—É', ' –≤–∏–¥']"
20,20,18446,–¥–µ–ª–∏—Ç—å—Å—è,['–û–Ω –¥–µ–ª–∏–ª—Å—è —Å–≤–æ–∏–º–∏ –¥–æ—Ö–æ–¥–∞–º–∏ —Å–æ –º–Ω–æ–≥–∏–º–∏ –¥–æ–ª–∂–Ω–æ—Å—Ç–Ω—ã–º–∏ –ª–∏—Ü–∞–º–∏.'],Snom V Sins —Å + Sins,–û–Ω –¥–µ–ª–∏–ª—Å—è <extra_id_0> .,"['—Å –Ω–∏–º', '—Å']",–û–Ω –¥–µ–ª–∏–ª—Å—è <mask> .,"[' –∏–Ω—Ñ–æ—Ä–º–∞—Ü–∏–µ–π', ' –∫—Ä–æ–≤—å—é', ' –µ–¥–æ–π', ' —Å–µ–∫—Ä–µ—Ç–æ–º', ' –≤–æ—Å–ø–æ–º–∏–Ω–∞–Ω–∏—è–º–∏', ' –æ–ø—ã—Ç–æ–º', ' –ø–ª–∞–Ω–∞–º–∏', ' –∏–¥–µ—è–º–∏', ' —Ç–æ–±–æ–π', ' –µ–π']"
21,21,23894,–∑–∞–≤–µ—Ä–Ω—É—Ç—å,"['–ü—Ä–æ–¥–∞–≤–µ—Ü –∑–∞–≤–µ—Ä–Ω—É–ª –ø–æ–∫—É–ø–∫–∏ –≤ –±—É–º–∞–≥—É.', '–ú–∞—Ç—å –∑–∞–≤–æ—Ä–∞—á–∏–≤–∞–µ—Ç —Ä–µ–±–µ–Ω–∫–∞ –≤ –æ–¥–µ—è–ª–æ .']",Snom V Sacc –≤ + Sacc,–ü—Ä–æ–¥–∞–≤–µ—Ü –∑–∞–≤–µ—Ä–Ω—É–ª <extra_id_0> .,"['–∏', '.', '–¥–µ–Ω—å–≥–∏', '–æ']",–ü—Ä–æ–¥–∞–≤–µ—Ü –∑–∞–≤–µ—Ä–Ω—É–ª <mask> .,"[' –µ–≥–æ', ' –º–µ–Ω—è', ' —Ç–æ–≤–∞—Ä', ' –ø–∞–∫–µ—Ç', ' –∏—Ö', ' –µ–µ', ' –æ–±—Ä–∞—Ç–Ω–æ', ' –µ—ë', ' –≤—Å–µ', ' —á–µ–∫']"
22,22,23894,–∑–∞–≤–µ—Ä–Ω—É—Ç—å,"['–ü—Ä–æ–¥–∞–≤–µ—Ü –∑–∞–≤–µ—Ä–Ω—É–ª –ø–æ–∫—É–ø–∫–∏ –≤ –±—É–º–∞–≥—É.', '–ú–∞—Ç—å –∑–∞–≤–æ—Ä–∞—á–∏–≤–∞–µ—Ç —Ä–µ–±–µ–Ω–∫–∞ –≤ –æ–¥–µ—è–ª–æ .']",Snom V Sacc –≤ + Sacc,–ú–∞—Ç—å –∑–∞–≤–æ—Ä–∞—á–∏–≤–∞–µ—Ç <extra_id_0> .,"['–≤ –æ—Ç–µ–ª—å', '–≤ –æ—á–µ—Ä–µ–¥–Ω–æ–π —Ä–∞–∑', '—Ç—É–¥–∞', '–Ω–∞ —É–ª–∏—Ü—É', '–≤ –ª–µ—Å', '–≤', '–Ω–∞', '–≤.', '–≤ –¥–æ–º']",–ú–∞—Ç—å –∑–∞–≤–æ—Ä–∞—á–∏–≤–∞–µ—Ç <mask> .,"[' –µ–≥–æ', ' –º–µ–Ω—è', ' —Å—ã–Ω–∞', ' –æ–¥–µ—è–ª–æ', ' –∏—Ö', ' —Ç–µ–±—è', ' —Ä–µ–±–µ–Ω–∫–∞', ' –¥–æ—á—å', ' –µ—ë', ' –µ–µ']"
23,23,24296,–∑–∞–¥–∞—Ç—å,['–ú–∞—Ç—å-–≤–æ–ª—á–∏—Ü–∞ –∑–∞–¥–∞–ª–∞ –≤–æ–ª—á–æ–Ω–∫—É —Ö–æ—Ä–æ—à—É—é —Ç—Ä–µ–ø–∫—É.'],Snom V Sacc Sdat,–ú–∞—Ç—å-–≤–æ–ª—á–∏—Ü–∞ –∑–∞–¥–∞–ª–∞ <extra_id_0> .,"['.', '–∏', '—Å', '—Å—Ä–æ—á–Ω–æ', '–¥–µ–Ω—å–≥–∏', '–≤—Å—ë', '–µ–≥–æ']",–ú–∞—Ç—å-–≤–æ–ª—á–∏—Ü–∞ –∑–∞–¥–∞–ª–∞ <mask> .,"[' –≤–æ–ø—Ä–æ—Å', ' –∂–∞—Ä—É', ' –≤–æ–ø—Ä–æ—Å—ã', ' –∑–∞–≥–∞–¥–∫—É', ' —Ç–æ–Ω', ' –í–æ–ø—Ä–æ—Å', ' –Ω–∞–ø—Ä–∞–≤–ª–µ–Ω–∏–µ', ' –∑–Ω–∞–∫', ' –∑–∞–¥–∞—á—É', ' —Ä–∏—Ç–º']"
24,24,31032,–∑–∞–¥–∞—Ç—å,['–ó–∞–¥–∞—Ç—å –¥—Ä–æ–∑–¥–∞ –∫–æ–º—É-–ª–∏–±–æ'],Snom V –¥—Ä–æ–∑–¥–∞ Sdat,–ó–∞–¥–∞—Ç—å <extra_id_0>,"['–≤–æ–ø—Ä–æ—Åenci\U000f0003‚∏¢Âõ∞„Çä—É–ª–∞–Ωismiss <extra_id_29> <extra_id_31> <extra_id_33> <extra_id_27> <extra_id_30>08', '–æ—Ü—ñ–Ω–∫—É„Ωá <extra_id_29>‚∏¢—É–ª–∞–Ω <extra_id_32>08(SOMA’∂’∏–∫–æ–º–ø—Ä–µ—Å—ÅÂõ∞„Çä02(22( <ext', '–≤–æ–ø—Ä–æ—Åenci\U000f0003‚∏¢Âõ∞„Çä—É–ª–∞–Ω√§rskismiss’∂’∏‡≤æ‡≤™ <extra_id_29> <extra_id_31> <extra_id_27> <extra_id', '–∑–∞–¥–∞–Ω–∏–µ500... <extra_id_51>ghj... <extra_id_47> <extra_id_56>’•÷Ñkelig <extra_id_11>  <extra_id_43', '–û—Ç–≤–µ—ÇXzFf <extra_id_3>ianske <extra_id_51> <extra_id_46>-—É...üÖê...', '–∏ÿ™√§rsk <extra_id_55>ŒøŒΩœÑŒ±:·êÖ–∞–±–∑–∞–∑–∞–¥–∞... <extra_id_9>. <extra_id_56> <ex', '–≤–æ–ø—Ä–æ—Åenci\U000f0003ismiss <extra_id_32> <extra_id_31> <extra_id_33> <extra_id_27>‚∏¢—É–ª–∞–Ω·Éò·Éì·É†08( vulne', '–∑–∞–¥–∞–Ω–∏–µ600vicios√§rsk <extra_id_4>—É–ª–∞–Ω÷Ä’°’¥’°’Ω’∂’∏Âõ∞„Çä <extra_id_55>–ö–∞—Ç–µ–≥–æ—Ä–∏—è <extra', '–≤–æ–ø—Ä–æ—Åenci\U000f0003‚∏¢ <extra_id_32> <extra_id_31> <extra_id_27> <extra_id_33>—É–ª–∞–Ω·Éò·Éì·É†—Ä—É–≥–Ω—É–∫–ª–µ n√∏d vuln', '–≤–æ–ø—Ä–æ—Åenci\U000f0003‚∏¢—É–ª–∞–Ω <extra_id_32> <extra_id_31> <extra_id_33> <extra_id_27>06(·Éò·Éì·É†08(–Ω—É–∫–ª–µ—ã']",–ó–∞–¥–∞—Ç—å <mask>,"[' –≤–æ–ø—Ä–æ—Å', ' –≤–æ–ø—Ä–æ—Å—ã', ' –∂–∞—Ä—É', ':', '?', '!', '.', ' —Ç–æ–Ω', '...', ' –∑–∞–¥–∞—á—É']"
25,25,31080,–∑–∞–¥–∞—Ç—å,['–Ø –∑–∞–¥–∞–ª —ç—Ç–æ—Ç –≤–æ–ø—Ä–æ—Å —Å–µ–±–µ'],Snom V –≤–æ–ø—Ä–æ—Å —Å–µ–±–µ,–Ø –∑–∞–¥–∞–ª <extra_id_0>,"[':e <extra_id_55>- <extra_id_0> <extra_id_9> <extra_id_0>‡πà‡∏≤‡∏¢ÈîòÊÇ±s', '—Ä–∞–±–æ—Ç—Élicitud <extra_id_55>gad <extra_id_38>œÉŒºŒ±œÑŒ±,7amidbarakovaniganos-san <', '—è.„≤üÈîò <extra_id_56>ybƒó, <extra_id_11> <extra_id_38>ŒºŒ≠ŒΩŒ± <extra_id_41>darym <extra_i', '–∏–Ω—Ç–µ—Ä–≤—å—é.„Ωá <extra_id_55>‡™£‡´Ä...√¶gtybƒó! <extra_id_0> —Ç—É—Ç <extra_id_', ':s\U000f0003—É–ª–∞–Ω <extra_id_32> <extra_id_31> <extra_id_27> <extra_id_33>–∞–≥–æ–Ω–∏ vulner–Ω—É–∫–ª–µ·Éñ·Éõ·Éò', ':e <extra_id_55>- <extra_id_0> <extra_id_9> <extra_id_9>√§rsk—É–ª–∞–Ω <extra_id_48>Èîò08( ¬ø <extra_id_9> <', ':ËÄ∏ <extra_id_55>—Ç—å ¬ª.... <extra_id_41>,licitudoganos <extra_id_56>  <extra_', ':e <extra_id_55>–∫—ã–∑ > <extra_id_0> <extra_id_9> <extra_id_0>√§rskÈîò <extra_id_48> <extra_id_51> <extra_id_56> <', '—Ç–æ–ª—å–∫–æ.Conjugalana <extra_id_56>ËáÉÊâ≠ËáÉÈô∑Ë¥ü <extra_', '. <extra_id_53>']",–Ø –∑–∞–¥–∞–ª <mask>,"['.', '?', ' –≤–æ–ø—Ä–æ—Å', '!', '...', ' –≤–æ–ø—Ä–æ—Å—ã', ':', '?!', '.', ' –≤–∞–º']"
26,26,32498,–∑–∞–ª–∏–≤–∞—Ç—å,['–û–Ω –∑–∞–ª–∏–ª –≥–æ—Ä—é—á–µ–µ –≤ –±–∞–∫ .'],Snom V Sacc –≤ + Sacc,–û–Ω –∑–∞–ª–∏–ª <extra_id_0> .,"['.', '–∏', '–∏—Ö', '–Ω–∞ —É–ª–∏—Ü—É', '–∏ –ª–∏–ª', '–Ω–∞', '–µ–≥–æ', ',']",–û–Ω –∑–∞–ª–∏–ª <mask> .,"[' –º–µ–Ω—è', ' –µ–≥–æ', ' –µ–µ', ' –≤—Å–µ', ' —Å–µ–±—è', ' –µ—ë', ' –º–∞—à–∏–Ω—É', ' –∏—Ö', ' –∫–æ–º–Ω–∞—Ç—É', ' —Ç–µ–±—è']"
27,27,33112,–∑–∞—Å—Ç–∞—Ç—å,['–ö–Ω–∏–∂–Ω–∞—è —ç—Ç–æ—Ö–∞ –∑–∞—Å—Ç–∞–ª–∞ —ç—Ç–∏ –¥–æ–∫—É–º–µ–Ω—Ç—ã –≤ –æ–ø—Ä–µ–¥–µ–ª–µ–Ω–Ω–æ–π –ª–æ–∫–∞–ª–∏–∑–∞—Ü–∏–∏'],Snom V Sacc –≤ + Sloc,–ö–Ω–∏–∂–Ω–∞—è —ç—Ç–æ—Ö–∞ –∑–∞—Å—Ç–∞–ª–∞ <extra_id_0>,"['. j√µu—è <extra_id_55>-–æ–º’°’∞’°’¥szolg <extra_id_48>–∞–±–∑ <extra_id_9> <ext', '.—ã""}]=–û—Ç–≤–µ—Ç–∏—Ç—å <extra_id_0>! <extra_id_51>“õ–∏–∑punz·êÖshd', "". j√µu—è <extra_id_55>-—Ç—ã—Å—è—á—É–ª–∞–Ω <extra_id_34>,'<extra_id_35> <extra_id_"", '.—ã""}...]–û—Ç–≤–µ—Ç–∏—Ç—å <extra_id_0>(s)', '.—ã}/> <extra_id_28> –æ—Ö—Ä–∞–Ω—èorphÂÖÇìÜ°punz”àÂ¨≤üÖóÎ∂âespon', '.—ã <extra_id_28>...]szolgfSwiZW <extra_id_9> <extra_id_56>cookies <extra_id_29> 02(ËÑçw', '.—ã <extra_id_28>...]szolgƒ°ƒ°ghjÂÖÇŒºŒ±œáfSwiZW√¶gt...ward <extra_id_', '.—ã}ÎãàÎã§...¬ª·êÖ />', '. j√µu—è <extra_id_55>-–æ–º‡≤Ç‡≤∂)„ÄçAquil–∞–∫—Ç', '. j√µu—è <extra_id_55>-–°–º–æ—Ç—Ä—É–ª–∞']",–ö–Ω–∏–∂–Ω–∞—è —ç—Ç–æ—Ö–∞ –∑–∞—Å—Ç–∞–ª–∞ <mask>,"['.', '?', '!', ')', '...', ' :)', '))', ' )', ':', ')))']"
28,28,33168,–∑–∞—Å—Ç–∞—Ç—å,"['–ò—Å—Ç–æ—Ä–∏—è –∑–∞—Å—Ç–∞–ª–∞ –ª—é–¥–µ–π –≤–æ –º–ª–∞–¥–µ–Ω—á–µ—Å—Ç–≤–µ, –≤ –Ω–∞—á–∞–ª—å–Ω–æ–π –ø—Ä–æ—Å—Ç–æ—Ç–µ']",Snom V Sacc –≤ + Sloc,–ò—Å—Ç–æ—Ä–∏—è –∑–∞—Å—Ç–∞–ª–∞ <extra_id_0>,"['.!', '.–µ–≤–∞) ‚Üí –ê—Ä—Ö–∏–≤ –Ω–æ–≤–æ—Å—Ç–µ–π ¬ªXzFf <extra_id_31>lytte <extra_i', '.–µ–≤–µ–π\U000f0003—É–ª–∞–Ω08(–Ω—É–∫–ª–µ’∂’∏Âõ∞„Çä÷Ä’°’¥’°’Ω <extra_id_32> <extra_id_31> <extra_id_33> <extra_', '!—Å—è.', '....', '!–≤–∞–π—Å....... ¬ª –ù–æ–≤–æ—Å—Ç–∏ —Å–ø–æ—Ä—Ç–∞ | –†–ò–ê –ù–æ–≤—ã–º', '.–µ–≤', '.–µ–≤–∞).–∏–Ω—Ñ–æ–æ–±–ª–∞–¥–∞—Ç–µ–ª–µ–π...¬ª–°–¥–µ–ª–∞–π –º–µ–Ω', '.—Å—è.', '–±—ã–ª–∞.... ‚Üí –ì–ª–∞–≤–Ω–∞—è ¬ª –ù–æ–≤–æ—Å—Ç–∏¬ª]=–†—É—Å']",–ò—Å—Ç–æ—Ä–∏—è –∑–∞—Å—Ç–∞–ª–∞ <mask>,"[' –†–æ—Å—Å–∏–∏', ':', ' –ö–æ—Ä–µ–∏', ' –£–∫—Ä–∞–∏–Ω—ã', ' –°–°–°–†', ' –ì—Ä–µ—Ü–∏–∏', ' –°–®–ê', '.', ' –ê—Ä–º–µ–Ω–∏–∏', ' –≥–æ—Å—É–¥–∞—Ä—Å—Ç–≤']"
29,29,37360,–∏–∑–±—Ä–∞—Ç—å,['–ö–æ–Ω—Å—Ç–∞–Ω—Ç–∏–Ω –∏–∑–±—Ä–∞–ª —Å–µ–±–µ –≤ —Å—É–ø—Ä—É–≥–∏ –°–æ—Ñ—å—é'],Snom V Sacc –≤ + Snom,–ö–æ–Ω—Å—Ç–∞–Ω—Ç–∏–Ω –∏–∑–±—Ä–∞–ª <extra_id_0>,"['.—ã <extra_id_55>–æ—Ç—É–ª–∞–Ω <extra_id_56>gem–ü–æ—á–µ—Ç–∏—Ç–µ –ø–æ-', '...ndeid)—Ä–∞–≤–∏—Ç—Å—è 1...""} ¬ª –ò"" –ø–æ—Å–ª', '...ndeid)—Ä–∞–≤–∏—Ç—Å—è1...""}"" /> 1 –¥—Ä—É–≥', '.—ã <extra_id_55>–æ—Ç—É–ª–∞–Ω <extra_id_56>–∏–º–±–µ–ª—ã—Ö <extra_id_3> |]=Èîòggf <', '.–µ√§rskÈîò“õ–∏–∑a <extra_id_55> <extra_id_56> –¥–ª—è ¬´', '–∏—Ö <extra_id_32> <extra_id_31> <extra_id_27> <extra_id_33>lytte <extra_id_56>jeÎãù <extra_id_16> –≤ <extra_id_43>, <', '.—ã <extra_id_55>- <extra_id_48> <extra_id_56> <extra_id_11>-', '.–µ√§rskÈîòÂÖÇ—É–ª–∞–Ω <extra_id_31> <extra_id_27>Íªçlytte‡Æï‡Øç‡Æï‡ØÄ‡∑ù‡∂ª◊ê◊ï◊ñ–Ω—É–∫–ª', '.—ã <extra_id_55>- <extra_id_48> <extra_id_56> <extra_id_51> –ï—Å–ª–∏:Èîò–∞—Ä—Ö–∏–≤–Ω—ã–µ', '–µ–≥–æ <extra_id_32> <extra_id_31> <extra_id_27> <extra_id_33>lytte <extra_id_56> <extra_id_51>- <extra_id_11> <extra_id_16> <ext']",–ö–æ–Ω—Å—Ç–∞–Ω—Ç–∏–Ω –∏–∑–±—Ä–∞–ª <mask>,"['—Å–∫–∏–π', ':', '.', '–æ–≤–∏—á', '–µ–≤–∏—á', '–æ–≤', '–Ω—ã–π', '–∏–Ω', '–∏—á', ' –≤–µ–∫']"
30,30,37456,–∏–∑–±—Ä–∞—Ç—å,"['–Ø –±—É–¥—É –¥–µ—Ä–∂–∞—Ç—å –∂–µ–Ω—É –≤ —Ç–µ–º–Ω–∏—Ü–µ –¥–æ —Ç–µ—Ö –ø–æ—Ä, –ø–æ–∫–∞ –º–æ–π –≥–Ω–µ–≤ –Ω–µ –∏–∑–±–µ—Ä–µ—Ç –µ–π –¥–æ—Å—Ç–æ–π–Ω–æ–µ –Ω–∞–∫–∞–∑–∞–Ω–∏–µ']",Snom V Sacc Sdat,–Ø –±—É–¥—É –¥–µ—Ä–∂–∞—Ç—å <extra_id_0>,"['.esponderEliminaraGoods <extra_id_56>-Tags https... <extra_id_16>Deportes –≤ —ç—Ç–æ <extra_id_43> –ø', '–≤ —Ä—É–∫–∞—Ö.nsilvani <extra_id_55>kuti, –º–æ—á–¥–∏–∏–¥–Ω–æ–≥–æ...]‡≤∞‡≥ç‡≤§ <', '! <extra_id_53>ÎãàÎã§...]moji <extra_id_56> liveinternetcopter <extra_id_11> <extra_id_51> <extra_id_55> <extra', '–≤ —Ä—É–∫–∞—Ö.nsilvani <extra_id_55>kuti, –¥”à—Ä—ã—á <extra_id_5', '–º–æ–∏ —Ä—É–∫–∏·Ä∑·Äπ)„Äç <extra_id_55>d <extra_id_56>zoneen <extra_id_51>ercegovinascookies <', '–µ–µ„Çå„Å∞Âπ∏„ÅÑ„Åß„Åô. –ù–∞–ø–∏—Å–∞—Ç—å –∫–æ–º–º–µ–Ω—Ç–∞—Ä–∏–π–æ—á—ñ–∫...—Å–æ–æ', '–≤ –Ω–∏—Ö.„òèb√∫ismiss <extra_id_55>ted <extra_id_35>√§rsk...encorvalro <', '–º–µ–Ω—è.', '–µ–≥–æ <extra_id_52>. <extra_id_35>! <extra_id_49>, 25 –ª–µ—Ç –æ—Ç 2012', '–µ–≥–æ <extra_id_52>! <extra_id_34>24 –Ω–µ –º–µ–Ω–µ, –¥–µ—Ä–∂–∞—Ç—å –º–æ–π –º–∞–ª—ã—à–∞']",–Ø –±—É–¥—É –¥–µ—Ä–∂–∞—Ç—å <mask>,"['.', '!', '...', ' —Ç–µ–±—è', ' –µ–≥–æ', '..', ' :)', ')', '.', '?']"
31,31,37496,–∏–∑–±—Ä–∞—Ç—å,['–ú–Ω–æ–≥–∏–µ —Å—Ç—Ä–∞–Ω—ã –∏–∑–±—Ä–∞–ª–∏ –¥–µ–º–æ–∫—Ä–∞—Ç–∏—á–µ—Å–∫—É—é –º–æ–¥–µ–ª—å –∑–∞ –æ—Å–Ω–æ–≤—É –ø–æ–ª–∏—Ç–∏—á–µ—Å–∫–æ–π —Å–∏—Å—Ç–µ–º—ã'],Snom V Sacc –∑–∞ + Sacc,–ú–Ω–æ–≥–∏–µ —Å—Ç—Ä–∞–Ω—ã –∏–∑–±—Ä–∞–ª–∏ <extra_id_0>,"['–≤—ã–±—Ä–∞—Ç—å—Ö–µ–º—É <extra_id_56> ‚Äì <extra_id_29>.:esponderEliminar–í–∏–µszo', ':–µ.-—Ñ–∞–∫—ã‚Äù""1 –≤ –º–µ—Å—Ç–µ–¥–µ... –ì–ª–∞–≤–Ω', '–ª—É—á—à–∏–µ –∞–≤—Ç–æ–º–æ–±–∏–ª–∏.a‡≤Ç‡≤∂·êÖ ¬ª ‚Üí | <extra_id_56>—ä—è', '...', '–Ω–æ–≤—ã–π –ø—Ä–æ–¥—É–∫—Ç.„òèÈîò <extra_id_55>œÉŒ±ŒΩ–¥—ã–Ω—è <extra_id_16>, se', '–±—ã–≤—à–∏–π –ø—Ä–µ–∑–∏–¥–µ–Ω—Ç’°÷Ä’£', '–Ω–æ–≤—ã–π –ø—Ä–µ–∑–∏–¥–µ–Ω—Ç.„òè.68 <extra_id_56> (b.762ste <extra_id_52>Âú®', '–¥–ª—è –≤–∞—ÅgensenszolgÈîòÈπá <extra_id_56> <extra_id_37> <extra_id_30>matiztellung <extra_id_43> <extra_id_19>d', '–ª—É—á—à–∏–µ —É—Å–ª–æ–≤–∏—è.akcident’∂’∏√§rsk <extra_id_55>1Èîò... <extra_i']",–ú–Ω–æ–≥–∏–µ —Å—Ç—Ä–∞–Ω—ã –∏–∑–±—Ä–∞–ª–∏ <mask>,"[' –ø—Ä–µ–∑–∏–¥–µ–Ω—Ç–∞', ':', '.', '.', ' –ü—Ä–µ–∑–∏–¥–µ–Ω—Ç–∞', ' –ª–∏–¥–µ—Ä–æ–≤', ' –¢—Ä–∞–º–ø–∞', ' –ü—É—Ç–∏–Ω–∞', '?', ' –µ–≥–æ']"
32,32,38890,–∏–Ω—Ñ–æ—Ä–º–∏—Ä–æ–≤–∞—Ç—å,['–î–∏—Ä–µ–∫—Ç–æ—Ä –∫–æ—Ä–æ—Ç–∫–æ –∏–Ω—Ñ–æ—Ä–º–∏—Ä–æ–≤–∞–ª –∫–æ–ª–ª–µ–∫—Ç–∏–≤ –∏–Ω—Å—Ç–∏—Ç—É—Ç–∞ –æ —Å–ª—É—á–∏–≤—à–µ–º—Å—è .'],Snom V Sacc –æ + Sloc,–î–∏—Ä–µ–∫—Ç–æ—Ä –∫–æ—Ä–æ—Ç–∫–æ –∏–Ω—Ñ–æ—Ä–º–∏—Ä–æ–≤–∞–ª <extra_id_0> .,['–æ'],–î–∏—Ä–µ–∫—Ç–æ—Ä –∫–æ—Ä–æ—Ç–∫–æ –∏–Ω—Ñ–æ—Ä–º–∏—Ä–æ–≤–∞–ª <mask> .,"[' –º–µ–Ω—è', ' –Ω–∞—Å', ' –≤–∞—Å', ' –≤—Å–µ—Ö', ' —Ç–µ–±—è', ' –µ–≥–æ', ' –í–∞—Å', ' –∏—Ö', ' –µ—ë', ' –µ–µ']"
33,33,39130,–∏–Ω—Ñ–æ—Ä–º–∏—Ä–æ–≤–∞—Ç—å,['–ì–æ–ª–æ—Å –º–∞—à–∏–Ω–∏—Å—Ç–∞ –∏–Ω—Ñ–æ—Ä–º–∏—Ä–æ–≤–∞–ª –ø–∞—Å—Å–∞–∂–∏—Ä–æ–≤ –æ –∑–∞–¥–µ—Ä–∂–∫–µ.'],Snom V Sacc –æ + Sloc,–ì–æ–ª–æ—Å –º–∞—à–∏–Ω–∏—Å—Ç–∞ –∏–Ω—Ñ–æ—Ä–º–∏—Ä–æ–≤–∞–ª <extra_id_0> .,"['–æ', '—Å—è']",–ì–æ–ª–æ—Å –º–∞—à–∏–Ω–∏—Å—Ç–∞ –∏–Ω—Ñ–æ—Ä–º–∏—Ä–æ–≤–∞–ª <mask> .,"[' –º–µ–Ω—è', ' –Ω–∞—Å', ' –ø–∞—Å—Å–∞–∂–∏—Ä–æ–≤', ' –≤—Å–µ—Ö', ' —ç–∫–∏–ø–∞–∂', ' –µ–≥–æ', ' –∏—Ö', ' –≤–∞—Å', ' –∫–æ–º–∞–Ω–¥—É', ' –∫–∞–ø–∏—Ç–∞–Ω–∞']"
34,34,39144,–∏–Ω—Ñ–æ—Ä–º–∏—Ä–æ–≤–∞—Ç—å,['–°–µ–∫—Ä–µ—Ç–∞—Ä—å –ø—Ä–æ–∏–Ω—Ñ–æ—Ä–º–∏—Ä–æ–≤–∞–ª –Ω–∞—Å —Ç–µ–ª–µ—Ñ–æ–Ω–æ–≥—Ä–∞–º–º–æ–π –æ–± –æ—Ç–º–µ–Ω–µ —Å–æ–±—Ä–∞–Ω–∏—è.'],Snom V Sacc –æ + Sloc Sins,–°–µ–∫—Ä–µ—Ç–∞—Ä—å –ø—Ä–æ–∏–Ω—Ñ–æ—Ä–º–∏—Ä–æ–≤–∞–ª <extra_id_0> .,"['–æ', '—Å—è']",–°–µ–∫—Ä–µ—Ç–∞—Ä—å –ø—Ä–æ–∏–Ω—Ñ–æ—Ä–º–∏—Ä–æ–≤–∞–ª <mask> .,"[' –º–µ–Ω—è', ' –Ω–∞—Å', ' –≤–∞—Å', ' –ø—Ä–µ–∑–∏–¥–µ–Ω—Ç–∞', ' –µ–≥–æ', ' –≤—Å–µ—Ö', ' —Ç–µ–±—è', ' –∏—Ö', ' –ü—Ä–µ–∑–∏–¥–µ–Ω—Ç–∞', ' –í–∞—Å']"
35,35,61167,–æ–±–µ—Å–ø–µ—á–∏–≤–∞—Ç—å,"['–û—Ç–µ—Ü –æ–±–µ—Å–ø–µ—á–∏–≤–∞–ª —Å–µ–º—å—é –≤—Å–µ–º –Ω–µ–æ–±—Ö–æ–¥–∏–º—ã–º, –ú—ã –¥–æ–ª–∂–Ω—ã –æ–±–µ—Å–ø–µ—á–∏—Ç—å –æ–±–ª–∞—Å—Ç—å —Å–µ–º–µ–Ω–∞–º–∏ .', '–û–Ω —Å—á–∏—Ç–∞–ª —Å–µ–±—è –æ–±–µ—Å–ø–µ—á–µ–Ω–Ω—ã–º –¥–µ–Ω—å–≥–∞–º–∏.']",Snom V Sacc Sins,"–û—Ç–µ—Ü –æ–±–µ—Å–ø–µ—á–∏–≤–∞–ª <extra_id_0> –≤—Å–µ–º –Ω–µ–æ–±—Ö–æ–¥–∏–º—ã–º , –ú—ã –¥–æ–ª–∂–Ω—ã –æ–±–µ—Å–ø–µ—á–∏—Ç—å –æ–±–ª–∞—Å—Ç—å —Å–µ–º–µ–Ω–∞–º–∏ .","['–Ω–∞—Å', '—Å–æ', '–º—ã', '–µ–µ', '–µ–≥–æ', '—Å–µ–º–µ–Ω–∞–º–∏']","–û—Ç–µ—Ü –æ–±–µ—Å–ø–µ—á–∏–≤–∞–ª <mask> –≤—Å–µ–º –Ω–µ–æ–±—Ö–æ–¥–∏–º—ã–º , –ú—ã –¥–æ–ª–∂–Ω—ã –æ–±–µ—Å–ø–µ—á–∏—Ç—å –æ–±–ª–∞—Å—Ç—å —Å–µ–º–µ–Ω–∞–º–∏ .","[' –Ω–∞—Å', ' –º–µ–Ω—è', ' –∏—Ö', ' —Å–µ–º—å—é', ' –µ–≥–æ', ' –æ–±–ª–∞—Å—Ç—å', ' –µ–µ', ' –≤–∞—Å', ' –µ—ë', ' —Ä–µ–≥–∏–æ–Ω']"
36,36,66000,–æ–±—ä–µ–¥–∏–Ω–∏—Ç—å,['–í–¥–æ—Ö–Ω–æ–≤–µ–Ω–∏–µ –æ–±—ä–µ–¥–∏–Ω—è–ª–æ –∏—Ö –≤ –æ–¥–Ω–æ —Ü–µ–ª–æ–µ.'],Snom V Sacc –≤ + Sacc,–í–¥–æ—Ö–Ω–æ–≤–µ–Ω–∏–µ –æ–±—ä–µ–¥–∏–Ω—è–ª–æ <extra_id_0> .,"['–∏', '–∏ –≤—Å–µ', '.', '–Ω–∞—à–∏ —Ä–µ–±—è—Ç–∞', '–Ω–∞—à–∏ –º–µ—á—Ç—ã', '–Ω–∞—à–µ –ø–æ–∫–æ–ª–µ–Ω–∏–µ', '–∏–º–µ–Ω–Ω–æ', '–≤—Å–µ', '–Ω–∞—Å']",–í–¥–æ—Ö–Ω–æ–≤–µ–Ω–∏–µ –æ–±—ä–µ–¥–∏–Ω—è–ª–æ <mask> .,"[' –∏—Ö', ' –Ω–∞—Å', ' –≤—Å–µ—Ö', ' –ª—é–¥–µ–π', ' –≤—Å–µ', ' –æ–±–æ–∏—Ö', ' –º–Ω–æ–≥–∏—Ö', '.', ' –µ–≥–æ', ' –≤—Å—ë']"
37,37,67926,–æ–ø—Ä–µ–¥–µ–ª—è—Ç—å,"['–°–æ—Ç—Ä—É–¥–Ω–∏–∫–∏ –∞–≤—Ç–æ–∏–Ω—Å–ø–µ–∫—Ü–∏–∏ –æ–ø—Ä–µ–¥–µ–ª—è—é—Ç —Å–∫–æ—Ä–æ—Å—Ç—å –∞–≤—Ç–æ–º–æ–±–∏–ª–µ–π —Å–ø–µ—Ü–∏–∞–ª—å–Ω—ã–º–∏ –ø—Ä–∏–±–æ—Ä–∞–º–∏.', '–° –ø–æ–º–æ—â—å—é –∫–æ–º–ø–∞—Å–∞ —Ä—É–∫–æ–≤–æ–¥–∏—Ç–µ–ª—å –≥—Ä—É–ø–ø—ã –æ–ø—Ä–µ–¥–µ–ª–∏–ª, —á—Ç–æ –º—ã –æ—Ç–∫–ª–æ–Ω–∏–ª–∏—Å—å –æ—Ç –Ω—É–∂–Ω–æ–≥–æ –Ω–∞–ø—Ä–∞–≤–ª–µ–Ω–∏—è .', '–ü—Ä–∏ –ø–æ–º–æ—â–∏ —ç—Ç–∏—Ö –ø—Ä–∏–±–æ—Ä–æ–≤ –∫–æ—Å–º–æ–Ω–∞–≤—Ç –º–æ–∂–µ—Ç –æ–ø—Ä–µ–¥–µ–ª–∏—Ç—å, –Ω—É–∂–Ω–æ –ª–∏ –≤–∫–ª—é—á–∞—Ç—å —Ç–æ—Ä–º–æ–∑–Ω—É—é —É—Å—Ç–∞–Ω–æ–≤–∫—É.', '–Ø –∏ –Ω–µ–≤–æ–æ—Ä—É–∂–µ–Ω–Ω—ã–º –≥–ª–∞–∑–æ–º –º–æ–≥—É –æ–ø—Ä–µ–¥–µ–ª–∏—Ç—å, —á—Ç–æ —Å–∫–æ—Ä–æ—Å—Ç—å –∑–∞–≤—ã—à–µ–Ω–∞.', '–ì–æ–ª—É–±–∏ –∏ –∫–æ—à–∫–∏ –∏–Ω—Å—Ç–∏–Ω–∫—Ç–æ–º –æ–ø—Ä–µ–¥–µ–ª—è—é—Ç –¥–æ—Ä–æ–≥—É –∫ –¥–æ–º—É.']",Snom V {Sacc / —á—Ç–æ + CL / Rel + CL / CL} {Sins / –ø—Ä–∏ + –ø–æ–º–æ—â–∏ + Sgen / —Å + –ø–æ–º–æ—â—å—é + Sgen},–°–æ—Ç—Ä—É–¥–Ω–∏–∫–∏ –∞–≤—Ç–æ–∏–Ω—Å–ø–µ–∫—Ü–∏–∏ –æ–ø—Ä–µ–¥–µ–ª—è—é—Ç <extra_id_0> .,"['—Å–ø—Ä–∞–≤—ã', '—Å–ø—Ä–∞–≤–æ—á–Ω–∏–∫–∏', '—Å–ø—Ä–∞–≤–∫—É']",–°–æ—Ç—Ä—É–¥–Ω–∏–∫–∏ –∞–≤—Ç–æ–∏–Ω—Å–ø–µ–∫—Ü–∏–∏ –æ–ø—Ä–µ–¥–µ–ª—è—é—Ç <mask> .,"[' –ø—Ä–∏–æ—Ä–∏—Ç–µ—Ç', ' –Ω–æ–º–µ—Ä–∞', ' —Å–∫–æ—Ä–æ—Å—Ç—å', ' –ø–æ–≤—Ä–µ–∂–¥–µ–Ω–∏—è', ' –Ω–∞—Ä—É—à–µ–Ω–∏—è', ' –≤–æ–¥–∏—Ç–µ–ª—è', ' –º–∞—Ä—à—Ä—É—Ç', ' —É—â–µ—Ä–±', ' –≤–ª–∞–¥–µ–ª—å—Ü–∞', ' –Ω–æ–º–µ—Ä']"
38,38,67926,–æ–ø—Ä–µ–¥–µ–ª—è—Ç—å,"['–°–æ—Ç—Ä—É–¥–Ω–∏–∫–∏ –∞–≤—Ç–æ–∏–Ω—Å–ø–µ–∫—Ü–∏–∏ –æ–ø—Ä–µ–¥–µ–ª—è—é—Ç —Å–∫–æ—Ä–æ—Å—Ç—å –∞–≤—Ç–æ–º–æ–±–∏–ª–µ–π —Å–ø–µ—Ü–∏–∞–ª—å–Ω—ã–º–∏ –ø—Ä–∏–±–æ—Ä–∞–º–∏.', '–° –ø–æ–º–æ—â—å—é –∫–æ–º–ø–∞—Å–∞ —Ä—É–∫–æ–≤–æ–¥–∏—Ç–µ–ª—å –≥—Ä—É–ø–ø—ã –æ–ø—Ä–µ–¥–µ–ª–∏–ª, —á—Ç–æ –º—ã –æ—Ç–∫–ª–æ–Ω–∏–ª–∏—Å—å –æ—Ç –Ω—É–∂–Ω–æ–≥–æ –Ω–∞–ø—Ä–∞–≤–ª–µ–Ω–∏—è .', '–ü—Ä–∏ –ø–æ–º–æ—â–∏ —ç—Ç–∏—Ö –ø—Ä–∏–±–æ—Ä–æ–≤ –∫–æ—Å–º–æ–Ω–∞–≤—Ç –º–æ–∂–µ—Ç –æ–ø—Ä–µ–¥–µ–ª–∏—Ç—å, –Ω—É–∂–Ω–æ –ª–∏ –≤–∫–ª—é—á–∞—Ç—å —Ç–æ—Ä–º–æ–∑–Ω—É—é —É—Å—Ç–∞–Ω–æ–≤–∫—É.', '–Ø –∏ –Ω–µ–≤–æ–æ—Ä—É–∂–µ–Ω–Ω—ã–º –≥–ª–∞–∑–æ–º –º–æ–≥—É –æ–ø—Ä–µ–¥–µ–ª–∏—Ç—å, —á—Ç–æ —Å–∫–æ—Ä–æ—Å—Ç—å –∑–∞–≤—ã—à–µ–Ω–∞.', '–ì–æ–ª—É–±–∏ –∏ –∫–æ—à–∫–∏ –∏–Ω—Å—Ç–∏–Ω–∫—Ç–æ–º –æ–ø—Ä–µ–¥–µ–ª—è—é—Ç –¥–æ—Ä–æ–≥—É –∫ –¥–æ–º—É.']",Snom V {Sacc / —á—Ç–æ + CL / Rel + CL / CL} {Sins / –ø—Ä–∏ + –ø–æ–º–æ—â–∏ + Sgen / —Å + –ø–æ–º–æ—â—å—é + Sgen},–ì–æ–ª—É–±–∏ –∏ –∫–æ—à–∫–∏ <extra_id_0> –æ–ø—Ä–µ–¥–µ–ª—è—é—Ç .,"['—Ç–∞–∫–∂–µ', '–∏ –∫–∞–∫', '—Å–∞–º–∏', '-', '- –∫–∞–∫', '–Ω–µ', '—É–∂–µ']",–ì–æ–ª—É–±–∏ –∏ –∫–æ—à–∫–∏ <mask> –æ–ø—Ä–µ–¥–µ–ª—è—é—Ç .,"[' ‚Äî', '.', ':', ',', ' ()', ' -', ' –≤–º–µ—Å—Ç–µ', ' –Ω–µ', ' —á–∞—Å—Ç–æ', ' —Ç–∞–∫–∂–µ']"
39,39,69032,–æ—Ç–ª–∏—á–∞—Ç—å—Å—è,"['–ú–∞–ª—å—á–∏–∫ —Å–∏–ª—å–Ω–æ –æ—Ç–ª–∏—á–∞–ª—Å—è –æ—Ç —Å–≤–æ–∏—Ö —Å–≤–µ—Ä—Å—Ç–Ω–∏–∫–æ–≤ –ø–æ —Ä–∞–∑–≤–∏—Ç–∏—é .', '–ü–∏–¥–∂–∞–∫ –Ω–µ–º–Ω–æ–≥–æ –æ—Ç–ª–∏—á–∞–µ—Ç—Å—è –æ—Ç –±—Ä—é–∫ —Ü–≤–µ—Ç–æ–º/–ø–æ —Ü–≤–µ—Ç—É.']",Snom V –æ—Ç + Sgen {–ø–æ + Sdat / Sins},–ú–∞–ª—å—á–∏–∫ —Å–∏–ª—å–Ω–æ –æ—Ç–ª–∏—á–∞–ª—Å—è <extra_id_0> .,"['.', '–æ—Ç –Ω–µ–≥–æ', '–æ—Ç –∏—Ö —Ä–∞–±–æ—Ç—ã', '–æ—Ç –Ω–µ–µ', '–æ—Ç –Ω–∏—Ö', '–æ—Ç —Ä–æ–∂–¥–µ–Ω–∏—è', '–æ—Ç —Ç–æ–≥–æ', '–æ—Ç –µ–≥–æ —Å–æ—Å—Ç–æ—è–Ω–∏—è']",–ú–∞–ª—å—á–∏–∫ —Å–∏–ª—å–Ω–æ –æ—Ç–ª–∏—á–∞–ª—Å—è <mask> .,"[' –æ—Ç', '.', ' –≤–Ω–µ—à–Ω–µ', '.', ' –±—ã', ' —Ö–∞—Ä–∞–∫—Ç–µ—Ä–æ–º', ' ', '?', ' —Ä–æ—Å—Ç–æ–º', '!']"
40,40,69032,–æ—Ç–ª–∏—á–∞—Ç—å—Å—è,"['–ú–∞–ª—å—á–∏–∫ —Å–∏–ª—å–Ω–æ –æ—Ç–ª–∏—á–∞–ª—Å—è –æ—Ç —Å–≤–æ–∏—Ö —Å–≤–µ—Ä—Å—Ç–Ω–∏–∫–æ–≤ –ø–æ —Ä–∞–∑–≤–∏—Ç–∏—é .', '–ü–∏–¥–∂–∞–∫ –Ω–µ–º–Ω–æ–≥–æ –æ—Ç–ª–∏—á–∞–µ—Ç—Å—è –æ—Ç –±—Ä—é–∫ —Ü–≤–µ—Ç–æ–º/–ø–æ —Ü–≤–µ—Ç—É.']",Snom V –æ—Ç + Sgen {–ø–æ + Sdat / Sins},–ü–∏–¥–∂–∞–∫ –Ω–µ–º–Ω–æ–≥–æ –æ—Ç–ª–∏—á–∞–µ—Ç—Å—è <extra_id_0> .,"['–æ—Ç –Ω–µ–≥–æ', '–æ—Ç –µ–≥–æ —Ä–∞–±–æ—Ç—ã', '–æ—Ç —Ç–æ–≥–æ, —á—Ç–æ –æ–Ω –Ω–∞—à–µ–ª', '–æ—Ç —Ç–æ–≥–æ, —á—Ç–æ', '–æ—Ç –µ–µ —Ä–∞–±–æ—Ç—ã']",–ü–∏–¥–∂–∞–∫ –Ω–µ–º–Ω–æ–≥–æ –æ—Ç–ª–∏—á–∞–µ—Ç—Å—è <mask> .,"[' –æ—Ç', '.', ':', '?', '!', ' —Å', '.', '...', ' –Ω–∞', ' —Ü–≤–µ—Ç–æ–º']"
41,41,69151,–æ—Ç–ª–æ–∂–∏—Ç—å,['–û–Ω –æ—Ç–ª–æ–∂–∏–ª –¥–µ–Ω—å–≥–∏ –¥–ª—è –¥—Ä—É–≥–∏—Ö —Ü–µ–ª–µ–π'],Snom V Sacc –¥–ª—è + Sgen,–û–Ω –æ—Ç–ª–æ–∂–∏–ª <extra_id_0>,"['.‡µá‡¥∞‡¥øismiss/$_32-10—É–ª–∞–Ω√§rsk <extra_id_55>4ugolshd... <extra_id_29>itse <', '.‡µá‡¥∞‡¥øÂõ∞„Çä√§rskismiss <extra_id_55>kanutf <extra_id_56>lagiga-', '.‡µá‡¥∞‡¥ø <extra_id_29> <extra_id_9>—É–ª–∞–Ω—Ä—É–≥ismiss‚∏¢08( <extra_id_32>65\\–∫–æ–º–ø—Ä–µ—Å—Å’∂’∏', '...gge <extra_id_29> <extra_id_30>—É–ª–∞–Ωismiss <extra_id_32>08(SOMA—Ä—É–≥26(0', '.‡µá‡¥∞‡¥øÂõ∞„Çä/$_32-10‡≤ø‡≤™)„Äç <extra_id_55>Ÿêtso”àÈîò...espond', '–µ–≥–æ„òè√§rskismiss <extra_id_9> <extra_id_38> <extra_id_48> <extra_id_55>–ª–æ—Å—å- <extra_id_51>—é—â–∏–µ—Å—è –æ—Ç/', '.‡µá‡¥∞‡¥øismiss√§rsk‡≤ø‡≤™ <extra_id_55>4ugol <extra_id_0>... <extra_id_32>ggfeidz <extra_id_56> <e', '.‡µá‡¥∞‡¥ø <extra_id_32>—É–ª–∞–Ω08(·Éò·Éì·É†‡≤ø‡≤™‚∏¢–∫–æ–º–ø—Ä–µ—Å—ÅismissÂõ∞„Çä—Ä—É–≥’∂’∏ <extra_id_29>06(26(', '.‡µá‡¥∞‡¥øÂõ∞„Çä/$_32-10—É–ª–∞–Ω√§rsk <extra_id_55>0 <extra_id_0>Èîò–∞–±–∑ìÜ°ggfiseric <ex', '.‡µá‡¥∞‡¥øismiss√§rsk‚∏¢langsung <extra_id_55>ŸêitseÈîò <extra_id_56>Nach <extra_i']",–û–Ω –æ—Ç–ª–æ–∂–∏–ª <mask>,"['.', '?', '!', '...', '‚Ä¶', '.', '..', ' –µ–≥–æ', ' —Ç—Ä—É–±–∫—É', ' –∫–Ω–∏–≥—É']"
42,42,69481,–æ—Ç—Ä–∞–∑–∏—Ç—å,['–í–æ–¥–∞ –æ—Ç—Ä–∞–∂–∞–µ—Ç –∑–≤–µ–∑–¥—ã –∫–∞–∫ –∑–µ—Ä–∫–∞–ª–æ'],Snom –æ—Ç—Ä–∞–∑–∏—Ç—å Sacc –∫–∞–∫ Snom,–í–æ–¥–∞ –æ—Ç—Ä–∞–∂–∞–µ—Ç <extra_id_0>,"['...–∏ <extra_id_9> <extra_id_10>-n…®banye.... />Èîòa <extra_id_56>Ìïú <extra_id_11> <', '–∏ –º–∏—Ä–Ω–æXzFf—ã—Ä—ã–Ω—É–ª–∞–Ω <extra_id_32> <extra_id_31> <extra_id_33>–Ω—É–∫–ª–µ vulner·Éò·Éì·É†08( <extra_id_27>–∫–æ', '–∏...rbic <extra_id_32> <extra_id_31>—É–ª–∞–Ω–Ω—É–∫–ª–µ—Ä—É–≥·Éò·Éì·É†‡≤ø‡≤™08( vulner·Éñ·Éõ n√∏d—ã—Ä—ã–Ω <', '–∏–º–ø—É–ª—å—Å–Ω–æ—Å—Ç—åbic‡≤ø‡≤™–∞–∫—Ç–æ–≤ <extra_id_55>‡∂±‡∑í‡∂öìÜ° <extra_id_56>‡§®‡§æ‡§Æ‡§æ <extra_id_3', '–æ—Ö–ª–∞–∂–¥–µ–Ω–∏–µa.) –í–∞–º!langsunge <extra_i', '–∏...legi <extra_id_32> <extra_id_31>—É–ª–∞–Ω–Ω—É–∫–ª–µ—Ä—É–≥ismiss–∫–æ–º–ø—Ä–µ—Å—Å vulner—ã—Ä—ã–Ω', '–æ–ø–∞—Å–Ω–æ—Å—Ç—åaHR–∂...""} ‚Üí ¬ª <extra_id_51>3’´’∫–°–º–æ—Ç—Ä:0}} <extra_id_14>¬ªüì∫ <', '–æ–ø–∞—Å–Ω–æ—Å—Ç—åaHR', '—ç–∫–æ–ª–æ–≥–∏—è√§rsk', '.·Éô·Éõ <extra_id_55>3.25ÈîòÊâ≠ <extra_id_51>ÂåñËß£Áïå◊õ◊©◊ú‡∂≥daji√§rsko <extra_id_0> <']",–í–æ–¥–∞ –æ—Ç—Ä–∞–∂–∞–µ—Ç <mask>,"[' —Å–≤–µ—Ç', '.', ':', '?', '!', '...', ' —Å–æ–ª–Ω—Ü–µ', ' –º–∏—Ä', ' –Ω–µ–±–æ', ' –∂–∏–∑–Ω—å']"
43,43,69579,–æ—Ü–µ–Ω–∏—Ç—å,"['–ö–Ω–∏–≥—É –æ—Ü–µ–Ω–∏–ª–∏ –Ω–µ–¥–æ—Ä–æ–≥–æ .', '–ö–≤–∞—Ä—Ç–∏—Ä—É –æ—Ü–µ–Ω–∏–ª–∏ –≤ —Ç—Ä–∏ —Ç—ã—Å—è—á–∏ —Ä—É–±–ª–µ–π.', '–¢–∞–º–æ–∂–µ–Ω–Ω–∏–∫ –æ—Ü–µ–Ω–∏–ª –ø–æ—Å—ã–ª–∫—É –≤ —Ç—Ä–∏–¥—Ü–∞—Ç—å —Ä—É–±–ª–µ–π.', '–ì–æ–ª–æ–≤–∞ –º—è—Ç–µ–∂–Ω–∏–∫–∞ –±—ã–ª–∞ –æ—Ü–µ–Ω–µ–Ω–∞ –≤ –¥–µ—Å—è—Ç—å —Ç—ã—Å—è—á —ç—Å–∫—É–¥–æ.']",Snom V Sacc {ADV / –≤ + Sacc},–¢–∞–º–æ–∂–µ–Ω–Ω–∏–∫ –æ—Ü–µ–Ω–∏–ª <extra_id_0> .,"['.', '—Ç–æ–ª—å–∫–æ', '-', ':', '—Ä–∞–±–æ—Ç—É']",–¢–∞–º–æ–∂–µ–Ω–Ω–∏–∫ –æ—Ü–µ–Ω–∏–ª <mask> .,"[' —à—É—Ç–∫—É', ' —é–º–æ—Ä', ' —Å–∏—Ç—É–∞—Ü–∏—é', ' —ç—Ç–æ', ' —Ä–∞–±–æ—Ç—É', ' –ø—Ä–µ–¥–ª–æ–∂–µ–Ω–∏–µ', ' —Å–∏–≥–Ω–∞–ª', ' —É–ª–æ–≤', ' –æ–±—Å—Ç–∞–Ω–æ–≤–∫—É', ' –µ–≥–æ']"
44,44,69579,–æ—Ü–µ–Ω–∏—Ç—å,"['–ö–Ω–∏–≥—É –æ—Ü–µ–Ω–∏–ª–∏ –Ω–µ–¥–æ—Ä–æ–≥–æ .', '–ö–≤–∞—Ä—Ç–∏—Ä—É –æ—Ü–µ–Ω–∏–ª–∏ –≤ —Ç—Ä–∏ —Ç—ã—Å—è—á–∏ —Ä—É–±–ª–µ–π.', '–¢–∞–º–æ–∂–µ–Ω–Ω–∏–∫ –æ—Ü–µ–Ω–∏–ª –ø–æ—Å—ã–ª–∫—É –≤ —Ç—Ä–∏–¥—Ü–∞—Ç—å —Ä—É–±–ª–µ–π.', '–ì–æ–ª–æ–≤–∞ –º—è—Ç–µ–∂–Ω–∏–∫–∞ –±—ã–ª–∞ –æ—Ü–µ–Ω–µ–Ω–∞ –≤ –¥–µ—Å—è—Ç—å —Ç—ã—Å—è—á —ç—Å–∫—É–¥–æ.']",Snom V Sacc {ADV / –≤ + Sacc},–ì–æ–ª–æ–≤–∞ –º—è—Ç–µ–∂–Ω–∏–∫–∞ –±—ã–ª–∞ –æ—Ü–µ–Ω–µ–Ω–∞ <extra_id_0> .,"['–∏', '–Ω–∞ —Å–∞–π—Ç–µ', '–∏ –≤', '–µ—â—ë', '—Ç–æ–ª—å–∫–æ –≤', '–Ω–∞', '–≤', '–µ—â–µ –≤—Å–µ–≥–æ']",–ì–æ–ª–æ–≤–∞ –º—è—Ç–µ–∂–Ω–∏–∫–∞ –±—ã–ª–∞ –æ—Ü–µ–Ω–µ–Ω–∞ <mask> .,"[' –≤—ã—Å–æ–∫–æ', ' –∫–∞–∫', ' –≤—ã—à–µ', '.', ' –≤', '.', ' –∑–∞', ' –ø–æ–ª–æ–∂–∏—Ç–µ–ª—å–Ω–æ', ' –∑–æ–ª–æ—Ç–æ–º', ' –ø–æ']"
45,45,70810,–ø–∏—Å–∞—Ç—å,['–¢–∞—Ä–∏–≤–µ—Ä–¥–∏–µ–≤ –Ω–∞–ø–∏—Å–∞–ª –º—É–∑—ã–∫—É –∫ —Ñ–∏–ª—å–º—É.'],Snom V Sacc {–∫ + Sdat / –¥–ª—è + Sdat},–¢–∞—Ä–∏–≤–µ—Ä–¥–∏–µ–≤ –Ω–∞–ø–∏—Å–∞–ª <extra_id_0> .,"['—Ç–∞–∫–∂–µ', ':']",–¢–∞—Ä–∏–≤–µ—Ä–¥–∏–µ–≤ –Ω–∞–ø–∏—Å–∞–ª <mask> .,"[' –∫–Ω–∏–≥—É', ':', ' –ø–µ—Å–Ω—é', ' —Å—Ç–∏—Ö–æ—Ç–≤–æ—Ä–µ–Ω–∏–µ', ' —Å—Ç–∏—Ö–∏', ' —Å—Ç–∞—Ç—å—é', ' –ø—å–µ—Å—É', ' –º—É–∑—ã–∫—É', ' —Ñ–∏–ª—å–º', ' —Å–∫–∞–∑–∫—É']"
46,46,71977,–ø—Ä–µ–¥–∞—Ç—å,['–ü—Ä–µ–¥–∞—Ç—å –≥–ª–∞—Å–Ω–æ—Å—Ç–∏ —ç–∫–æ–Ω–æ–º–∏—á–µ—Å–∫–∏–µ –ø—Ä–æ–±–ª–µ–º—ã.'],Snom V Sacc {–≥–ª–∞—Å–Ω–æ—Å—Ç–∏ / –æ–≥–ª–∞—Å–∫–µ / –ø—É–±–ª–∏–∫–µ},–ü—Ä–µ–¥–∞—Ç—å <extra_id_0> .,"['.', '–∏', ',', '—Ä–∞–±–æ—Ç–∞—Ç—å', '–∫—É–ø–∏—Ç—å', '–µ–≥–æ']",–ü—Ä–µ–¥–∞—Ç—å <mask> .,"[' –µ–≥–æ', ' –∏—Ö', ' —Å–º–µ—Ä—Ç–∏', ' –º–µ–Ω—è', ' –≤—Å–µ—Ö', ' —Å—Ç—Ä–∞–Ω—É', ' —Ç–µ–±—è', ' –µ—ë', ' –†–æ–¥–∏–Ω—É', ' –†–æ—Å—Å–∏—é']"
47,47,74660,–ø—Ä–∏–¥–µ—Ä–∂–∏–≤–∞—Ç—å—Å—è,['–ù–æ—Å–∏–ª—å—â–∏–∫ –ø—Ä–∏–¥–µ—Ä–∂–∏–≤–∞–ª—Å—è —Å–≤–æ–±–æ–¥–Ω–æ–π —Ä—É–∫–æ–π –∑–∞ –ø–µ—Ä–∏–ª–∞.'],Snom V –∑–∞ + Sacc Sins,–ù–æ—Å–∏–ª—å—â–∏–∫ –ø—Ä–∏–¥–µ—Ä–∂–∏–≤–∞–ª—Å—è <extra_id_0> .,"['.', '—Ç–æ–ª—å–∫–æ', ',', '–≤', '–≤—Å–µ–≥–æ', '–µ–≥–æ']",–ù–æ—Å–∏–ª—å—â–∏–∫ –ø—Ä–∏–¥–µ—Ä–∂–∏–≤–∞–ª—Å—è <mask> .,"[' ‚Äî', ' –æ—Ç', ':', ' –ø—Ä–æ—Ñ–µ—Å—Å–∏–∏', ' –æ–∑–Ω–∞—á–∞—Ç—å', ' –∑–Ω–∞—á–µ–Ω–∏—è', ' –∏–ª–∏', ' —Ç–µ—Ä–º–∏–Ω', ' –≤', ' –¥–æ–ª–∂–Ω–æ—Å—Ç–∏']"
48,48,76255,–ø—Ä–æ–±–∏–≤–∞—Ç—å,['–û–Ω –ø—Ä–æ–±–∏–ª —É —Ñ–µ–ª—é–≥–∏ –±–æ–∫.'],Snom V Sacc —É + Sgen,–û–Ω –ø—Ä–æ–±–∏–ª <extra_id_0> .,"['–∏', '.', ',', ', –∏']",–û–Ω –ø—Ä–æ–±–∏–ª <mask> .,"[' —Å—Ç–µ–Ω—É', ' —Å—Ç–µ–∫–ª–æ', ' –µ–≥–æ', ' –∫—Ä—ã—à—É', ' –¥–Ω–æ', ' –ø–æ—Ç–æ–ª–æ–∫', ' –µ–µ', ' —Å—Ç–µ–Ω–∫—É', ' –¥–≤–µ—Ä—å', ' –æ–∫–Ω–æ']"
49,49,89294,–∏—Å–ø—É–≥–∞—Ç—å,['–û–Ω –∏—Å–ø—É–≥–∞–ª –µ–µ —Å–≤–æ–∏–º –≤–Ω–µ–∑–∞–ø–Ω—ã–º –ø–æ—è–≤–ª–µ–Ω–∏–µ–º.'],Snom V Sacc Sins,–û–Ω –∏—Å–ø—É–≥–∞–ª <extra_id_0> .,"['.', '–µ–≥–æ', '–∏—Ö', '—Å—è']",–û–Ω –∏—Å–ø—É–≥–∞–ª <mask> .,"[' –º–µ–Ω—è', ' –µ–µ', ' –µ—ë', ' –Ω–∞—Å', ' –µ–≥–æ', ' –∏—Ö', ' —Ç–µ–±—è', ' —Å–æ–±–∞–∫—É', ' –¥–µ–≤—É—à–∫—É', ' –º–∞–º—É']"
50,50,89539,–ø—É—Ç–∞—Ç—å,"['–ü—Ä–æ—Ç–∏–≤–Ω–∏–∫ –ø—É—Ç–∞–µ—Ç —Å–≤–æ–∏ –∫–æ—Ä–∞–±–ª–∏ —Å —á—É–∂–∏–º–∏.', '–°—Ç—É–¥–µ–Ω—Ç –ø—É—Ç–∞–µ—Ç –≤–æ–∑–≤—Ä–∞—Ç–Ω—ã–π –∑–∞–ª–æ–≥ —Å–æ —Å—Ç—Ä–∞–¥–∞—Ç–µ–ª—å–Ω—ã–º.']",Snom V Sacc —Å + Sins,–ü—Ä–æ—Ç–∏–≤–Ω–∏–∫ –ø—É—Ç–∞–µ—Ç <extra_id_0> .,"['.', '—Ç–æ–ª—å–∫–æ', '–≤ —Å–µ—Ç–∏', '—Å —É–º–∞', '–≤', '–∫ —Ç–æ–º—É,', '–≤ –æ–∫–Ω–æ', '–∫']",–ü—Ä–æ—Ç–∏–≤–Ω–∏–∫ –ø—É—Ç–∞–µ—Ç <mask> .,"['.', ' –ø–æ–Ω—è—Ç–∏—è', ' –∫–∞—Ä—Ç—ã', '!', ' —Ü–µ–ª–∏', ' –ø—Ä–æ—Ç–∏–≤–Ω–∏–∫–æ–≤', ' —Å–ª–æ–≤–∞', ' —Ñ–∞–∫—Ç—ã', '!', ' –±–µ—Ä–µ–≥–∞']"
51,51,89539,–ø—É—Ç–∞—Ç—å,"['–ü—Ä–æ—Ç–∏–≤–Ω–∏–∫ –ø—É—Ç–∞–µ—Ç —Å–≤–æ–∏ –∫–æ—Ä–∞–±–ª–∏ —Å —á—É–∂–∏–º–∏.', '–°—Ç—É–¥–µ–Ω—Ç –ø—É—Ç–∞–µ—Ç –≤–æ–∑–≤—Ä–∞—Ç–Ω—ã–π –∑–∞–ª–æ–≥ —Å–æ —Å—Ç—Ä–∞–¥–∞—Ç–µ–ª—å–Ω—ã–º.']",Snom V Sacc —Å + Sins,–°—Ç—É–¥–µ–Ω—Ç –ø—É—Ç–∞–µ—Ç <extra_id_0> .,"['.', '–∏', '—Å.', '–ø–æ –∞–Ω–≥–ª–∏–π—Å–∫–æ–º—É', '-', '–∫ –Ω–µ–º—É', '–ø–æ']",–°—Ç—É–¥–µ–Ω—Ç –ø—É—Ç–∞–µ—Ç <mask> .,"['.', ' –ø–æ–Ω—è—Ç–∏—è', ' —Å', ' —Å—Ç—É–¥–µ–Ω—Ç–æ–≤', ' –∫–∞—Ä—Ç—ã', '!', ' –ª–µ–∫—Ü–∏–∏', ' –∫–ª–∞—Å—Å—ã', ' —É—á–µ–±–Ω–∏–∫–∏', ' –∫—É—Ä—Å—ã']"
52,52,89825,—Ä–∞–∑–æ–±—Ä–∞—Ç—å,['–û–Ω —Ä–∞–∑–æ–±—Ä–∞–ª –º–∞—à–∏–Ω—É –Ω–∞ —á–∞—Å—Ç–∏.'],Snom V Sacc –Ω–∞ + Sacc,–û–Ω —Ä–∞–∑–æ–±—Ä–∞–ª <extra_id_0> .,"['–∏', '.', ', —á—Ç–æ –æ–Ω–∏', '–æ', ',', '—Å—è']",–û–Ω —Ä–∞–∑–æ–±—Ä–∞–ª <mask> .,"[' –µ–≥–æ', ' –µ–µ', ' –µ—ë', ' –º–∞—à–∏–Ω—É', ' –∏—Ö', ' –¥–≤–µ—Ä—å', ' –º–µ–Ω—è', ' —ç—Ç–æ', ' –∫–æ—Ä–æ–±–∫—É', ' –∑–∞–º–æ–∫']"
53,53,97449,—Ä–∞–∑—Ä–µ—à–∏—Ç—å,['–ú—ã —Ä–∞–∑—Ä–µ—à–∏–º –µ–º—É –ø–æ–ª–µ—Ç.'],Snom V Sdat Sacc,–ú—ã —Ä–∞–∑—Ä–µ—à–∏–º <extra_id_0> .,"['.', '—Å–∫–∞—á–∞—Ç—å', '—ç—Ç–æ', '—Ä–∞–±–æ—Ç—É', '—Ä–∞–±–æ—Ç–∞—Ç—å', '–≤–∞—Å']",–ú—ã —Ä–∞–∑—Ä–µ—à–∏–º <mask> .,"[' –≤–∞–º', ' —ç—Ç–æ', ' —Ç–µ–±–µ', ' –µ–º—É', ' –∏–º', ' –µ–π', ' –ø—Ä–æ–±–ª–µ–º—É', ' –µ–≥–æ', ' –µ—ë', ' –í–∞–º']"
54,54,99908,—Ä–∞—Å—Å—Ç—Ä–æ–∏—Ç—å,['–Ø –µ–≥–æ —Ä–∞—Å—Å—Ç—Ä–æ–∏–ª —Å–≤–æ–µ–π –±–æ–ª—Ç–æ–≤–Ω–µ–π.'],Snom V Sacc Sins,–Ø <extra_id_0> —Ä–∞—Å—Å—Ç—Ä–æ–∏–ª .,"['—Ç–∞–∫–∂–µ', '–Ω–∏–∫–æ–≥–¥–∞ –Ω–µ', '—Ä–ª—ã–∫–∏:', '–µ–≥–æ', '–Ω–µ']",–Ø <mask> —Ä–∞—Å—Å—Ç—Ä–æ–∏–ª .,"[' —Ç–µ–±—è', ' –µ–≥–æ', ' –≤–∞—Å', ' –µ–µ', ' –µ—ë', ' –∏—Ö', ' –≤—Å–µ—Ö', ' –í–∞—Å', ' —Å–µ–±—è', ' –Ω–µ']"
55,55,101068,—Å—Ä—É–±–∏—Ç—å,['–ú—É–∂–∏–∫–∏ —Ä—É–±–∏–ª–∏ –ª–µ—Å —Ç–æ–ø–æ—Ä–∞–º–∏.'],Snom V Sacc Sins,–ú—É–∂–∏–∫–∏ —Ä—É–±–∏–ª–∏ <extra_id_0> .,"['.', '–∏', '-', '–≤ –º–æ—Å–∫–≤–µ', '–≤', '–Ω–∞', '–∫—É–ø–∏—Ç—å']",–ú—É–∂–∏–∫–∏ —Ä—É–±–∏–ª–∏ <mask> .,"[' –¥—Ä–æ–≤–∞', ' –ª–µ—Å', ' –¥–µ—Ä–µ–≤—å—è', ' –¥–µ—Ä–µ–≤–æ', '.', ' –∫–∞–ø—É—Å—Ç—É', '!', ' —Ç–æ–ø–æ—Ä–æ–º', ' –õ–î–ü–†', ' —Å—É–∫']"
56,56,103074,—Ä–∞—Å—Å–µ—Ä–¥–∏—Ç—å—Å—è,['–ñ–µ–Ω–∞ –Ω–∏–∫–æ–≥–¥–∞ –Ω–µ —Å–µ—Ä–¥–∏–ª–∞—Å—å –Ω–∞ –º–µ–Ω—è –∑–∞ —ç—Ç–æ.'],Snom V –Ω–∞ + Sacc –∑–∞ + Sacc,–ñ–µ–Ω–∞ –Ω–∏–∫–æ–≥–¥–∞ –Ω–µ —Å–µ—Ä–¥–∏–ª–∞—Å—å <extra_id_0> .,"['.', ', –∏']",–ñ–µ–Ω–∞ –Ω–∏–∫–æ–≥–¥–∞ –Ω–µ —Å–µ—Ä–¥–∏–ª–∞—Å—å <mask> .,"['.', ' –Ω–∞', ' –±—ã', '.', ' —Ä–∞–Ω—å—à–µ', ' ', '?', '!', ' —Ç–∞–∫', ' –¥–≤–∞–∂–¥—ã']"
57,57,116675,–ø–æ—Ç—Ä–µ–±–æ–≤–∞—Ç—å,['–û–Ω –ø–æ—Ç—Ä–µ–±–æ–≤–∞–ª –∑–∞ —Å–≤–æ—é —Ä–∞–±–æ—Ç—É –ø—è—Ç—å —Ç—ã—Å—è—á (–±–æ–ª—å—à–æ–µ –≤–æ–∑–Ω–∞–≥—Ä–∞–∂–¥–µ–Ω–∏–µ)'],Snom V Sacc –∑–∞ + Sacc,–û–Ω –ø–æ—Ç—Ä–µ–±–æ–≤–∞–ª <extra_id_0>,"[':ÿßÿ± <extra_id_55>roport <extra_id_56>aboutÈîò-sutri', '–æ—Ç–∫–ª–∏–∫–Ω—É—Ç—å—Å—è.–∞–Ω–∏–Ω <extra_id_55>khulu <extra_id_25>...m√¶rk |ggfÈîò <extra_id_5', ':ÿßÿ± <extra_id_55>·êÖ <extra_id_0> <extra_id_56> <extra_id_51> <extra_id_35>Èîò httpm√¶rkcookies', '—Å–ª–µ–¥—É—é—â–µ–º—Élichkeiten <extra_id_55>', '. <extra_id_56>, <extra_id_11>  <extra_id_43> ·É°·Éê·É°Èîò <extra_id_51> –≤–æ –≤—Å—éËåÉÂõ¥–æ–º | <ext', '. <extra_id_56>, <extra_id_11> —Å–æ–±–∏-http... ‚Üê <extra_id_35>–ø—ã–Ω https[...] <extra', '. <extra_id_56>, <extra_id_11> <extra_id_17> ""encor—Å–µ–∫—Å—É–∞–ª...—Å–µ–∫—Å...[...] <extra_id_35> –∑–∞ <extra_id_', '. <extra_id_56>, <extra_id_11> <extra_id_17>  <extra_id_43>ÊÇ®ÂùêÂú® <extra_id_35>-...–∫–æ–Ω—á–µ]', ':ÿßÿ± <extra_id_55>roport <extra_id_56>aboutÈîò-sutrinkyo', ':ÿßÿ± <extra_id_55>roport <extra_id_56>aboutÈîò-rodwartext, 2016 - <']",–û–Ω –ø–æ—Ç—Ä–µ–±–æ–≤–∞–ª <mask>,"['.', '!', '...', '?', '‚Ä¶', ':', '.', '..', '!', '!!!']"
58,58,116719,—Ç—Ä–æ–Ω—É—Ç—å,"['–ö—Ç–æ-—Ç–æ —Ç—Ä–æ–Ω—É–ª –º–µ–Ω—è —Ä—É–∫–æ–π.', '–î–µ–≤—É—à–∫–∞ –ø—Ä–∏–∂–∞–ª–∞—Å—å –∫ –Ω–µ–º—É –∏ —Ç—Ä–æ–Ω—É–ª–∞ –µ–≥–æ —â–µ–∫—É –≥—É–±–∞–º–∏ .', '–ö–∞–∫ —Ç–æ–ª—å–∫–æ –ü–∞–≥–∞–Ω–∏–Ω–∏ —Ç—Ä–æ–Ω—É–ª —Å—Ç—Ä—É–Ω—ã —Å–º—ã—á–∫–æ–º, –æ–¥–Ω–∞ —Å—Ç—Ä—É–Ω–∞ –æ–±–æ—Ä–≤–∞–ª–∞—Å—å.']",Snom V Sacc Sins,–ö—Ç–æ-—Ç–æ —Ç—Ä–æ–Ω—É–ª <extra_id_0> .,"['.', '–∏', '-—Ç–æ', ', –∞ –æ–Ω', ', –∏', '–µ–≥–æ']",–ö—Ç–æ-—Ç–æ —Ç—Ä–æ–Ω—É–ª <mask> .,"[' –º–µ–Ω—è', ' –µ–≥–æ', ' –µ–µ', ' –µ—ë', ' –∏—Ö', ' —Ç–µ–±—è', ' –¥–≤–µ—Ä—å', ' —Ä—É–∫—É', ' —ç—Ç–æ', ' –º–∞—à–∏–Ω—É']"
59,59,116719,—Ç—Ä–æ–Ω—É—Ç—å,"['–ö—Ç–æ-—Ç–æ —Ç—Ä–æ–Ω—É–ª –º–µ–Ω—è —Ä—É–∫–æ–π.', '–î–µ–≤—É—à–∫–∞ –ø—Ä–∏–∂–∞–ª–∞—Å—å –∫ –Ω–µ–º—É –∏ —Ç—Ä–æ–Ω—É–ª–∞ –µ–≥–æ —â–µ–∫—É –≥—É–±–∞–º–∏ .', '–ö–∞–∫ —Ç–æ–ª—å–∫–æ –ü–∞–≥–∞–Ω–∏–Ω–∏ —Ç—Ä–æ–Ω—É–ª —Å—Ç—Ä—É–Ω—ã —Å–º—ã—á–∫–æ–º, –æ–¥–Ω–∞ —Å—Ç—Ä—É–Ω–∞ –æ–±–æ—Ä–≤–∞–ª–∞—Å—å.']",Snom V Sacc Sins,"–ö–∞–∫ —Ç–æ–ª—å–∫–æ –ü–∞–≥–∞–Ω–∏–Ω–∏ —Ç—Ä–æ–Ω—É–ª <extra_id_0> , –æ–¥–Ω–∞ —Å—Ç—Ä—É–Ω–∞ –æ–±–æ—Ä–≤–∞–ª–∞—Å—å .","['–∏', ', –æ–¥–Ω–∞', '–≤—Å—é –≤–æ–¥—É', ', –∏ –≤–¥—Ä—É–≥', '–µ–≥–æ', '–º–æ—Å—Ç', ',', '—Å—è']","–ö–∞–∫ —Ç–æ–ª—å–∫–æ –ü–∞–≥–∞–Ω–∏–Ω–∏ —Ç—Ä–æ–Ω—É–ª <mask> , –æ–¥–Ω–∞ —Å—Ç—Ä—É–Ω–∞ –æ–±–æ—Ä–≤–∞–ª–∞—Å—å .","[' —Å—Ç—Ä—É–Ω—ã', ' –ø–∏–∞–Ω–∏–Ω–æ', ' –∫–ª–∞–≤–∏—à–∏', ' –∫–ª–∞–≤–∏–∞—Ç—É—Ä—É', ' –≥–∏—Ç–∞—Ä—É', ' —Ç—Ä—É–±—É', ' –∏–Ω—Å—Ç—Ä—É–º–µ–Ω—Ç', ' –µ–µ', ' –µ—ë', ' –±–∞—Ä–∞–±–∞–Ω']"
60,60,116954,—É–¥–∞—Ä—è—Ç—å,['–ü–æ–≥–æ–Ω—â–∏–∫ –ª–µ–≥–æ–Ω—å–∫–æ —É–¥–∞—Ä–∏–ª –≤–µ—Ä–±–ª—é–¥–∞ –ø–æ —Å–ø–∏–Ω–µ .'],Snom V Sacc –ø–æ + Sdat,–ü–æ–≥–æ–Ω—â–∏–∫ –ª–µ–≥–æ–Ω—å–∫–æ —É–¥–∞—Ä–∏–ª <extra_id_0> .,"['.', '–ø–æ–µ–¥–∏–Ω–æ–∫', '–ø–æ–≥–æ–Ω—â–∏–∫', '–ø–æ –ø—É—Ç–∏', '–µ–≥–æ']",–ü–æ–≥–æ–Ω—â–∏–∫ –ª–µ–≥–æ–Ω—å–∫–æ —É–¥–∞—Ä–∏–ª <mask> .,"[' –µ–≥–æ', ' –∫–Ω—É—Ç–æ–º', ' –ª–æ—à–∞–¥—å', ' –∫–æ–Ω—è', ' –º–µ–Ω—è', ' –Ω–æ–≥–æ–π', ' –µ—ë', ' –∫—É–ª–∞–∫–æ–º', ' –∏—Ö', ' –ø–∞–ª–∫–æ–π']"
61,61,117038,—É–¥–∞—Ä—è—Ç—å,"['–ü–∞—Ä—Ç–∏–∑–∞–Ω —É–¥–∞—Ä–∏–ª –≤—Ä–∞–≥–∞ –≤ –≤–∏—Å–æ–∫.', '–ú–æ–ª–æ–¥–æ–π —á–µ–ª–æ–≤–µ–∫ —É–¥–∞—Ä–∏–ª –Ω–∞–ª–µ—Ç—á–∏–∫–∞ –≤ –≥—Ä—É–¥—å.']",Snom V Sacc –≤ + Sacc,–ü–∞—Ä—Ç–∏–∑–∞–Ω —É–¥–∞—Ä–∏–ª <extra_id_0> .,"['.', '–ø–æ–≥–∏–±—à–∏–π', '–≤ –ú–∏–Ω—Å–∫', '–≥—Ä–∞–Ω–∞—Ç—É']",–ü–∞—Ä—Ç–∏–∑–∞–Ω —É–¥–∞—Ä–∏–ª <mask> .,"[' –Ω–æ–∂–æ–º', ' –µ–≥–æ', ' —Ç–æ–ø–æ—Ä–æ–º', ' –≤—Ä–∞–≥–∞', ' –º–µ–Ω—è', ' –ø–µ—Ä–≤—ã–º', ' –≥—Ä–∞–Ω–∞—Ç—É', ' –ø–∞—Ä—Ç–∏–∑–∞–Ω', ' —Å–æ–ª–¥–∞—Ç–∞', ' –æ—Ñ–∏—Ü–µ—Ä–∞']"
62,62,117038,—É–¥–∞—Ä—è—Ç—å,"['–ü–∞—Ä—Ç–∏–∑–∞–Ω —É–¥–∞—Ä–∏–ª –≤—Ä–∞–≥–∞ –≤ –≤–∏—Å–æ–∫.', '–ú–æ–ª–æ–¥–æ–π —á–µ–ª–æ–≤–µ–∫ —É–¥–∞—Ä–∏–ª –Ω–∞–ª–µ—Ç—á–∏–∫–∞ –≤ –≥—Ä—É–¥—å.']",Snom V Sacc –≤ + Sacc,–ú–æ–ª–æ–¥–æ–π —á–µ–ª–æ–≤–µ–∫ —É–¥–∞—Ä–∏–ª <extra_id_0> .,"['.', '–ø–æ–ª–∏—Ü–µ–π—Å–∫–∏–º', '–≤–æ–¥—É', '–Ω–æ–≥—É', '–ø–æ —É–ª–∏—Ü–∞–º', '–µ–≥–æ']",–ú–æ–ª–æ–¥–æ–π —á–µ–ª–æ–≤–µ–∫ —É–¥–∞—Ä–∏–ª <mask> .,"[' –º–µ–Ω—è', ' –µ–≥–æ', ' –µ–µ', ' –¥–µ–≤—É—à–∫—É', ' –µ—ë', ' –∂–µ–Ω—â–∏–Ω—É', ' –ø–∞—Ä–Ω—è', ' –ø–æ–ª–∏—Ü–µ–π—Å–∫–æ–≥–æ', ' —Ç–µ–±—è', ' –≤–∞—Å']"
63,63,117050,—É–¥–∞—Ä—è—Ç—å,"['–ü—å—è–Ω—ã–π —É–¥–∞—Ä–∏–ª —Å—ã–Ω–∞ –±—É—Ç—ã–ª–∫–æ–π.', '–ë–æ–µ—Ü —É–¥–∞—Ä–∏–ª –ø—Ä–æ—Ç–∏–≤–Ω–∏–∫–∞ –ø—Ä–∏–∫–ª–∞–¥–æ–º.', '–û–Ω —É–¥–∞—Ä–∏–ª —Ö—É–ª–∏–≥–∞–Ω–∞ –∫—É–ª–∞–∫–æ–º.']",Snom V Sacc Sins,–ü—å—è–Ω—ã–π —É–¥–∞—Ä–∏–ª <extra_id_0> .,"['.', '–≤ –æ–≥–Ω–µ', '–∏', '–≤–µ—Å—å –º–∏—Ä', '–∏ –≤—ã—Å—Ç—Ä–µ–ª–∏–ª', '–≤ —Ç—é—Ä—å–º—É']",–ü—å—è–Ω—ã–π —É–¥–∞—Ä–∏–ª <mask> .,"[' –µ–≥–æ', ' –º–µ–Ω—è', ' –µ–µ', ' –µ—ë', ' –ø–æ–ª–∏—Ü–µ–π—Å–∫–æ–≥–æ', ' –Ω–æ–∂–æ–º', ' –∂–µ–Ω—â–∏–Ω—É', ' –¥–µ–≤—É—à–∫—É', ' —Ç–µ–±—è', ' –ø–∞—Ä–Ω—è']"
64,64,117050,—É–¥–∞—Ä—è—Ç—å,"['–ü—å—è–Ω—ã–π —É–¥–∞—Ä–∏–ª —Å—ã–Ω–∞ –±—É—Ç—ã–ª–∫–æ–π.', '–ë–æ–µ—Ü —É–¥–∞—Ä–∏–ª –ø—Ä–æ—Ç–∏–≤–Ω–∏–∫–∞ –ø—Ä–∏–∫–ª–∞–¥–æ–º.', '–û–Ω —É–¥–∞—Ä–∏–ª —Ö—É–ª–∏–≥–∞–Ω–∞ –∫—É–ª–∞–∫–æ–º.']",Snom V Sacc Sins,–ë–æ–µ—Ü —É–¥–∞—Ä–∏–ª <extra_id_0> .,"['.', '–ø–æ–ª–∏—Ü–µ–π—Å–∫–∏–º', '–≤–∑—Ä—ã–≤', '–Ω–æ–≥—É', '–Ω–∞']",–ë–æ–µ—Ü —É–¥–∞—Ä–∏–ª <mask> .,"[' –µ–≥–æ', ' –º–µ–Ω—è', ' –Ω–æ–∂–æ–º', ' –Ω–æ–≥–æ–π', ' –ø–µ—Ä–≤—ã–º', ' –µ–µ', ' –µ—ë', ' –∏—Ö', ' —Ç–µ–±—è', ' –ø—Ä–æ—Ç–∏–≤–Ω–∏–∫–∞']"
65,65,117050,—É–¥–∞—Ä—è—Ç—å,"['–ü—å—è–Ω—ã–π —É–¥–∞—Ä–∏–ª —Å—ã–Ω–∞ –±—É—Ç—ã–ª–∫–æ–π.', '–ë–æ–µ—Ü —É–¥–∞—Ä–∏–ª –ø—Ä–æ—Ç–∏–≤–Ω–∏–∫–∞ –ø—Ä–∏–∫–ª–∞–¥–æ–º.', '–û–Ω —É–¥–∞—Ä–∏–ª —Ö—É–ª–∏–≥–∞–Ω–∞ –∫—É–ª–∞–∫–æ–º.']",Snom V Sacc Sins,–û–Ω —É–¥–∞—Ä–∏–ª <extra_id_0> .,['.'],–û–Ω —É–¥–∞—Ä–∏–ª <mask> .,"[' –º–µ–Ω—è', ' –µ–≥–æ', ' –µ–µ', ' –µ—ë', ' —Ç–µ–±—è', ' –∏—Ö', ' –Ω–∞—Å', ' –∂–µ–Ω—â–∏–Ω—É', ' –Ω–æ–∂–æ–º', ' —Å–µ–±—è']"
66,66,117090,—É–¥–∞—Ä—è—Ç—å,['–û—Ç–µ—Ü —É–¥–∞—Ä–∏–ª –∫—É–ª–∞–∫–æ–º –ø–æ —Å—Ç–æ–ª—É.'],Snom V Sins –ø–æ + Sdat,–û—Ç–µ—Ü —É–¥–∞—Ä–∏–ª <extra_id_0> .,"['.', '–∏', '–≤–æ–¥—É', '–Ω–æ–≥—É', '–∂–µ–Ω–∞']",–û—Ç–µ—Ü —É–¥–∞—Ä–∏–ª <mask> .,"[' –º–µ–Ω—è', ' –µ–≥–æ', ' –µ–µ', ' –µ—ë', ' —Ç–µ–±—è', ' —Å—ã–Ω–∞', ' –æ—Ç—Ü–∞', ' –Ω–∞—Å', ' –∏—Ö', ' –º–∞—Ç—å']"
67,67,117174,—É–¥–∞—Ä—è—Ç—å,"['–ú–∏–ª–∏—Ü–∏–æ–Ω–µ—Ä —É–¥–∞—Ä–∏–ª –º–æ–ª–æ—Ç–æ—á–∫–æ–º –≤ –¥–≤–µ—Ä—å.', '–î–µ–∂—É—Ä–Ω—ã–π —É–¥–∞—Ä–∏–ª –≤ —Ä–µ–ª—å—Å –∂–µ–ª–µ–∑–Ω—ã–º –±—Ä—É—Å–æ–º, –æ–±—ä—è–≤–ª—è—è –ø–µ—Ä–µ—Ä—ã–≤.']",Snom V Sins –≤ + Sacc,–ú–∏–ª–∏—Ü–∏–æ–Ω–µ—Ä —É–¥–∞—Ä–∏–ª <extra_id_0> .,"['.', '–∏', '–ø–æ–ª–∏—Ü–µ–π—Å–∫–∏–º', '–≤–æ–¥—É', '–≤–æ–¥–∏—Ç–µ–ª—è']",–ú–∏–ª–∏—Ü–∏–æ–Ω–µ—Ä —É–¥–∞—Ä–∏–ª <mask> .,"[' –µ–≥–æ', ' –º–µ–Ω—è', ' –µ–µ', ' –ø–æ–ª–∏—Ü–µ–π—Å–∫–æ–≥–æ', ' –∂–µ–Ω—â–∏–Ω—É', ' –µ—ë', ' –¥–µ–≤—É—à–∫—É', ' —Ç–µ–±—è', ' –∏—Ö', ' –ø–∞—Ä–Ω—è']"
68,68,117174,—É–¥–∞—Ä—è—Ç—å,"['–ú–∏–ª–∏—Ü–∏–æ–Ω–µ—Ä —É–¥–∞—Ä–∏–ª –º–æ–ª–æ—Ç–æ—á–∫–æ–º –≤ –¥–≤–µ—Ä—å.', '–î–µ–∂—É—Ä–Ω—ã–π —É–¥–∞—Ä–∏–ª –≤ —Ä–µ–ª—å—Å –∂–µ–ª–µ–∑–Ω—ã–º –±—Ä—É—Å–æ–º, –æ–±—ä—è–≤–ª—è—è –ø–µ—Ä–µ—Ä—ã–≤.']",Snom V Sins –≤ + Sacc,"–î–µ–∂—É—Ä–Ω—ã–π —É–¥–∞—Ä–∏–ª <extra_id_0> , –æ–±—ä—è–≤–ª—è—è –ø–µ—Ä–µ—Ä—ã–≤ .","['–ª–∏—Ü–æ', '–≤–≤–µ—Ä—Ö', '–µ–≥–æ –Ω–∞ –ª–∏—Ü–æ', '–æ —Ä–∞–±–æ—Ç–µ', '–æ —Ä–∞–±–æ—á–∏–π', '–Ω–∞ —Ä—É–∫—É', '–≤ —Å—Ç–æ—Ä–æ–Ω—É', '–Ω–∞ —Ä—É–∫–∞—Ö', '–∏ —É–¥–∞—Ä–∏–ª']","–î–µ–∂—É—Ä–Ω—ã–π —É–¥–∞—Ä–∏–ª <mask> , –æ–±—ä—è–≤–ª—è—è –ø–µ—Ä–µ—Ä—ã–≤ .","[' –∫–æ–ª–æ–∫–æ–ª', ' –∫—É–ª–∞–∫–æ–º', ' –Ω–æ–≥–æ–π', ' –∫–Ω–æ–ø–∫—É', ' —Ä—É–∫–æ–π', ' –∑–≤–æ–Ω–æ–∫', ' —Ç—Ä–µ–≤–æ–≥—É', ' –¥–≤–∞–∂–¥—ã', ' —Ç—Ä–∏–∂–¥—ã', ' –Ω–æ–∂–æ–º']"
69,69,117194,—É–¥–∞—Ä—è—Ç—å,['–õ–æ—à–∞–¥—å —É–¥–∞—Ä–∏–ª–∞ –∫–æ–ø—ã—Ç–æ–º –æ –∑–µ–º–ª—é.'],Snom V Sins –æ + Sacc,–õ–æ—à–∞–¥—å —É–¥–∞—Ä–∏–ª–∞ <extra_id_0> .,"['–Ω–∞ —Ä–∏–Ω–≥–µ', '–≤—Ä–∞–≥', '–∏', '–Ω–æ–≥—É', '–≥–∞–ª—É–±—É', '–Ω–∞ —Ö–æ–¥—É', '–≤—Ä–∞—Ç–∞—Ä—è–º', '–Ω–∞ –∫–æ–ª–µ—Å–∞']",–õ–æ—à–∞–¥—å —É–¥–∞—Ä–∏–ª–∞ <mask> .,"[' –º–µ–Ω—è', ' –µ–≥–æ', ' –∫–æ–ø—ã—Ç–∞–º–∏', ' –ª–æ—à–∞–¥—å', ' —Ö–≤–æ—Å—Ç–æ–º', ' —Ç–æ–∫–æ–º', ' —Ç–µ–±—è', ' –Ω–æ–≥–æ–π', ' –µ–µ', ' –µ—ë']"
70,70,117260,—É–¥–∞—Ä—è—Ç—å,"['–ó–∞–ø–∞—Ö –±–µ–Ω–∑–∏–Ω–∞ —É–¥–∞—Ä–∏–ª –µ–º—É –≤ –Ω–æ–∑–¥—Ä–∏.', '–ö—Ä–æ–≤—å —É–¥–∞—Ä–∏–ª–∞ –µ–º—É –≤ –≤–∏—Å–∫–∏.', '–í–∏–Ω–æ —É–¥–∞—Ä–∏–ª–æ –µ–º—É –≤ –≥–æ–ª–æ–≤—É.']",Snom V –≤ + Sacc Sdat,–ó–∞–ø–∞—Ö –±–µ–Ω–∑–∏–Ω–∞ —É–¥–∞—Ä–∏–ª <extra_id_0> .,"['.', '–∏', '–±–µ–Ω–∑–∏–Ω', '–≤ –≤–æ–∑–¥—É—Ö–µ', '–Ω–∞', '–≤']",–ó–∞–ø–∞—Ö –±–µ–Ω–∑–∏–Ω–∞ —É–¥–∞—Ä–∏–ª <mask> .,"[' –º–µ–Ω—è', ' –≤–≤–µ—Ä—Ö', ' —Ç–æ–∫–æ–º', ' –Ω–æ—Å', ' –Ω–æ–∑–¥—Ä–∏', ' —Å–∏–ª—å–Ω–µ–µ', ' –µ–≥–æ', ' –≥–æ–ª–æ–≤—É', ' —Å–ª—É—Ö', ' —Ç–µ–±—è']"
71,71,117260,—É–¥–∞—Ä—è—Ç—å,"['–ó–∞–ø–∞—Ö –±–µ–Ω–∑–∏–Ω–∞ —É–¥–∞—Ä–∏–ª –µ–º—É –≤ –Ω–æ–∑–¥—Ä–∏.', '–ö—Ä–æ–≤—å —É–¥–∞—Ä–∏–ª–∞ –µ–º—É –≤ –≤–∏—Å–∫–∏.', '–í–∏–Ω–æ —É–¥–∞—Ä–∏–ª–æ –µ–º—É –≤ –≥–æ–ª–æ–≤—É.']",Snom V –≤ + Sacc Sdat,–ö—Ä–æ–≤—å —É–¥–∞—Ä–∏–ª–∞ <extra_id_0> .,"['.', '–∂–µ–Ω–∞', '–ü—É—Ç–∏–Ω', '–Ω–æ–≥—É']",–ö—Ä–æ–≤—å —É–¥–∞—Ä–∏–ª–∞ <mask> .,"[' –∫–ª—é—á–æ–º', ' –º–µ–Ω—è', ' —Ç–æ–∫–æ–º', ' –≤–≤–µ—Ä—Ö', ' —Ç–µ–±—è', ' —Å–Ω–æ–≤–∞', ' –µ–≥–æ', ' —Å–∏–ª—å–Ω–µ–µ', ' –≤–Ω–∏–∑', ' –Ω–∞–∑–∞–¥']"
72,72,117260,—É–¥–∞—Ä—è—Ç—å,"['–ó–∞–ø–∞—Ö –±–µ–Ω–∑–∏–Ω–∞ —É–¥–∞—Ä–∏–ª –µ–º—É –≤ –Ω–æ–∑–¥—Ä–∏.', '–ö—Ä–æ–≤—å —É–¥–∞—Ä–∏–ª–∞ –µ–º—É –≤ –≤–∏—Å–∫–∏.', '–í–∏–Ω–æ —É–¥–∞—Ä–∏–ª–æ –µ–º—É –≤ –≥–æ–ª–æ–≤—É.']",Snom V –≤ + Sacc Sdat,–í–∏–Ω–æ —É–¥–∞—Ä–∏–ª–æ <extra_id_0> .,"['.', '–Ω–∞', '–Ω–∞ –ª–µ–æ–ø–∞—Ä–¥']",–í–∏–Ω–æ —É–¥–∞—Ä–∏–ª–æ <mask> .,"[' –µ–≥–æ', ' –∫–ª—é—á–æ–º', ' –º–µ–Ω—è', ' –≤–≤–µ—Ä—Ö', ' —Ç–µ–±—è', ' –≥–æ–ª–æ–≤—É', ' —Ç–æ–∫–æ–º', ' –≤–Ω—É—Ç—Ä—å', ' –≤–∞—Å', ' –µ–µ']"
73,73,118252,—É—á–∏—Ç—å,"['–°—Ç–∞—Ä—ã–π –∞–±–±–∞—Ç –≤—ã—É—á–∏–ª –µ–≥–æ –≤—Å–µ–º—É, —á—Ç–æ –∑–Ω–∞–ª —Å–∞–º.', '–î—è–¥—è —É—á–∏—Ç —Ä–µ–±—è—Ç —Ä—É—Å—Å–∫–æ–º—É —è–∑—ã–∫—É .', '–ß–µ–º—É —Ç—ã —É—á–∏—à—å —Ä–µ–±–µ–Ω–∫–∞?']",Snom V Sacc Sdat,–°—Ç–∞—Ä—ã–π –∞–±–±–∞—Ç –≤—ã—É—á–∏–ª <extra_id_0> .,"['.', '–≤', '–µ–≥–æ', '–∏—Ö']",–°—Ç–∞—Ä—ã–π –∞–±–±–∞—Ç –≤—ã—É—á–∏–ª <mask> .,"[' –º–µ–Ω—è', ' –∞–Ω–≥–ª–∏–π—Å–∫–∏–π', ' –µ–≥–æ', ' —è–∑—ã–∫', ' —Ñ—Ä–∞–Ω—Ü—É–∑—Å–∫–∏–π', ' —Ä—É—Å—Å–∫–∏–π', ' —Ç–µ–±—è', ' –∏—Ö', ' –Ω–µ–º–µ—Ü–∫–∏–π', ' –Ω–∞—Å']"
74,74,118252,—É—á–∏—Ç—å,"['–°—Ç–∞—Ä—ã–π –∞–±–±–∞—Ç –≤—ã—É—á–∏–ª –µ–≥–æ –≤—Å–µ–º—É, —á—Ç–æ –∑–Ω–∞–ª —Å–∞–º.', '–î—è–¥—è —É—á–∏—Ç —Ä–µ–±—è—Ç —Ä—É—Å—Å–∫–æ–º—É —è–∑—ã–∫—É .', '–ß–µ–º—É —Ç—ã —É—á–∏—à—å —Ä–µ–±–µ–Ω–∫–∞?']",Snom V Sacc Sdat,–î—è–¥—è —É—á–∏—Ç <extra_id_0> .,"['–∏', '.', '–∞–º', '—ã–≤–∞—è', '—ã–≤–∞–µ—Ç']",–î—è–¥—è —É—á–∏—Ç <mask> .,"[' –º–µ–Ω—è', ' –∞–Ω–≥–ª–∏–π—Å–∫–∏–π', ' –¥–µ—Ç–µ–π', ' —Ç–µ–±—è', ' –Ω–∞—Å', ' –∂–∏—Ç—å', ' —á–∏—Ç–∞—Ç—å', ' –∂–∏–∑–Ω–∏', ' –ø–ª–∞–≤–∞—Ç—å', ' –∏—Å—Ç–æ—Ä–∏—é']"
75,75,118252,—É—á–∏—Ç—å,"['–°—Ç–∞—Ä—ã–π –∞–±–±–∞—Ç –≤—ã—É—á–∏–ª –µ–≥–æ –≤—Å–µ–º—É, —á—Ç–æ –∑–Ω–∞–ª —Å–∞–º.', '–î—è–¥—è —É—á–∏—Ç —Ä–µ–±—è—Ç —Ä—É—Å—Å–∫–æ–º—É —è–∑—ã–∫—É .', '–ß–µ–º—É —Ç—ã —É—á–∏—à—å —Ä–µ–±–µ–Ω–∫–∞?']",Snom V Sacc Sdat,<extra_id_0> —Ç—ã —É—á–∏—à—å ?,"['–∏', '. –ê', ', –∞', ', –≥–¥–µ', ',']",<mask> —Ç—ã —É—á–∏—à—å ?,"['–ß—Ç–æ', '—á—Ç–æ', '–ì–¥–µ', '–ó–∞—á–µ–º', '–ê', '–ö–∞–∫', '–ß–µ–≥–æ', '–¢–∞–∫', '–ü–æ—á–µ–º—É', '–ß–µ–º']"
